actorKey,actorName,presentInWorld,threatClass,level,attack,specialization,specializationLabel,damage,pellets,penetration,damageTypes,actionPointCost,actionsPerTurn,hitChance,targetArmorClass,targetArmor,targetArmorCondition,firstActionHealthDamage,firstActionImmediateDamage,firstActionArmorWear,actionsUntilFirstHealthDamage,landedActionsToDefeat,expectedTurnsToDefeat
ghoul:ordinary,Гуль-бродяга,true,C,16,Удар,impact,Силовая,30,1,0,bludgeoning:100%,3,2,95,D,Кожаная броня,250,21,21,14,1,28,14.7
ghoul:ordinary,Гуль-бродяга,true,C,16,Удар,impact,Силовая,30,1,0,bludgeoning:100%,3,2,95,C,Боевая броня,650,6,6,36,1,38,20
ghoul:ordinary,Гуль-бродяга,true,C,16,Удар,impact,Силовая,30,1,0,bludgeoning:100%,3,2,95,B,"Боевая броня, усиленная",1011,0,0,45,15,46,24.2
ghoul:ordinary,Гуль-бродяга,true,C,16,Удар,impact,Силовая,30,1,0,bludgeoning:100%,3,2,95,A,Силовая броня T-60,3400,0,0,45,77,99,52.1
ghoul:ordinary,Гуль-бродяга,true,C,16,Удар,impact,Силовая,30,1,0,bludgeoning:100%,3,2,95,S,Силовая броня T-65,4800,0,0,45,108,130,68.4
ghoul:ordinary,Гуль-бродяга,true,C,16,Пинок,impact,Силовая,35,1,0,bludgeoning:100%,3,2,95,D,Кожаная броня,250,26,26,14,1,24,12.6
ghoul:ordinary,Гуль-бродяга,true,C,16,Пинок,impact,Силовая,35,1,0,bludgeoning:100%,3,2,95,C,Боевая броня,650,11,11,36,1,32,16.8
ghoul:ordinary,Гуль-бродяга,true,C,16,Пинок,impact,Силовая,35,1,0,bludgeoning:100%,3,2,95,B,"Боевая броня, усиленная",1011,0,0,53,5,39,20.5
ghoul:ordinary,Гуль-бродяга,true,C,16,Пинок,impact,Силовая,35,1,0,bludgeoning:100%,3,2,95,A,Силовая броня T-60,3400,0,0,53,66,85,44.7
ghoul:ordinary,Гуль-бродяга,true,C,16,Пинок,impact,Силовая,35,1,0,bludgeoning:100%,3,2,95,S,Силовая броня T-65,4800,0,0,53,92,111,58.4
ghoul:feral,Дикий гуль,true,C,14,Когти,rend,Рубящая,40,1,3,slashing:100%,3,2,95,D,Кожаная броня,250,32,32,8,1,21,11.1
ghoul:feral,Дикий гуль,true,C,14,Когти,rend,Рубящая,40,1,3,slashing:100%,3,2,95,C,Боевая броня,650,16,16,24,1,32,16.8
ghoul:feral,Дикий гуль,true,C,14,Когти,rend,Рубящая,40,1,3,slashing:100%,3,2,95,B,"Боевая броня, усиленная",1011,0,0,40,7,43,22.6
ghoul:feral,Дикий гуль,true,C,14,Когти,rend,Рубящая,40,1,3,slashing:100%,3,2,95,A,Силовая броня T-60,3400,0,0,40,86,102,53.7
ghoul:feral,Дикий гуль,true,C,14,Когти,rend,Рубящая,40,1,3,slashing:100%,3,2,95,S,Силовая броня T-65,4800,0,0,40,121,137,72.1
ghoul:feral,Дикий гуль,true,C,14,Укус,puncture,Пробивная,26,1,11,piercing:100%,3,2,95,D,Кожаная броня,250,26,26,0,1,26,13.7
ghoul:feral,Дикий гуль,true,C,14,Укус,puncture,Пробивная,26,1,11,piercing:100%,3,2,95,C,Боевая броня,650,0,0,26,7,52,27.4
ghoul:feral,Дикий гуль,true,C,14,Укус,puncture,Пробивная,26,1,11,piercing:100%,3,2,95,B,"Боевая броня, усиленная",1011,0,0,26,33,66,34.7
ghoul:feral,Дикий гуль,true,C,14,Укус,puncture,Пробивная,26,1,11,piercing:100%,3,2,95,A,Силовая броня T-60,3400,0,0,26,132,157,82.6
ghoul:feral,Дикий гуль,true,C,14,Укус,puncture,Пробивная,26,1,11,piercing:100%,3,2,95,S,Силовая броня T-65,4800,0,0,26,186,211,111.1
ghoul:reaver,Гуль-потрошитель,true,B,38,Когти,rend,Рубящая,80,1,8,slashing:100%,5,2,95,D,Кожаная броня,250,77,77,3,1,9,4.7
ghoul:reaver,Гуль-потрошитель,true,B,38,Когти,rend,Рубящая,80,1,8,slashing:100%,5,2,95,C,Боевая броня,650,61,61,19,1,11,5.8
ghoul:reaver,Гуль-потрошитель,true,B,38,Когти,rend,Рубящая,80,1,8,slashing:100%,5,2,95,B,"Боевая броня, усиленная",1011,45,45,35,1,15,7.9
ghoul:reaver,Гуль-потрошитель,true,B,38,Когти,rend,Рубящая,80,1,8,slashing:100%,5,2,95,A,Силовая броня T-60,3400,0,0,80,44,52,27.4
ghoul:reaver,Гуль-потрошитель,true,B,38,Когти,rend,Рубящая,80,1,8,slashing:100%,5,2,95,S,Силовая броня T-65,4800,0,0,80,61,69,36.3
ghoul:reaver,Гуль-потрошитель,true,B,38,Потрошение,flurry,Серия,35,1,5,slashing:100%,9,1,95,D,Кожаная броня,250,87,87,18,1,8,8.4
ghoul:reaver,Гуль-потрошитель,true,B,38,Потрошение,flurry,Серия,35,1,5,slashing:100%,9,1,95,C,Боевая броня,650,39,39,66,1,12,12.6
ghoul:reaver,Гуль-потрошитель,true,B,38,Потрошение,flurry,Серия,35,1,5,slashing:100%,9,1,95,B,"Боевая броня, усиленная",1011,0,0,105,3,17,17.9
ghoul:reaver,Гуль-потрошитель,true,B,38,Потрошение,flurry,Серия,35,1,5,slashing:100%,9,1,95,A,Силовая броня T-60,3400,0,0,105,33,40,42.1
ghoul:reaver,Гуль-потрошитель,true,B,38,Потрошение,flurry,Серия,35,1,5,slashing:100%,9,1,95,S,Силовая броня T-65,4800,0,0,105,47,53,55.8
ghoul:reaver,Гуль-потрошитель,true,B,38,Укус,puncture,Пробивная,55,1,28,piercing:100%,5,2,95,D,Кожаная броня,250,55,55,0,1,13,6.8
ghoul:reaver,Гуль-потрошитель,true,B,38,Укус,puncture,Пробивная,55,1,28,piercing:100%,5,2,95,C,Боевая броня,650,46,46,9,1,15,7.9
ghoul:reaver,Гуль-потрошитель,true,B,38,Укус,puncture,Пробивная,55,1,28,piercing:100%,5,2,95,B,"Боевая броня, усиленная",1011,26,26,29,1,22,11.6
ghoul:reaver,Гуль-потрошитель,true,B,38,Укус,puncture,Пробивная,55,1,28,piercing:100%,5,2,95,A,Силовая броня T-60,3400,0,0,55,63,75,39.5
ghoul:reaver,Гуль-потрошитель,true,B,38,Укус,puncture,Пробивная,55,1,28,piercing:100%,5,2,95,S,Силовая броня T-65,4800,0,0,55,89,101,53.2
ghoul:berserker,Гуль-берсерк,true,B,46,Когти,rend,Рубящая,90,1,10,slashing:100%,6,2,95,D,Кожаная броня,250,89,89,1,1,8,4.2
ghoul:berserker,Гуль-берсерк,true,B,46,Когти,rend,Рубящая,90,1,10,slashing:100%,6,2,95,C,Боевая броня,650,73,73,17,1,10,5.3
ghoul:berserker,Гуль-берсерк,true,B,46,Когти,rend,Рубящая,90,1,10,slashing:100%,6,2,95,B,"Боевая броня, усиленная",1011,57,57,33,1,12,6.3
ghoul:berserker,Гуль-берсерк,true,B,46,Когти,rend,Рубящая,90,1,10,slashing:100%,6,2,95,A,Силовая броня T-60,3400,0,0,90,39,46,24.2
ghoul:berserker,Гуль-берсерк,true,B,46,Когти,rend,Рубящая,90,1,10,slashing:100%,6,2,95,S,Силовая броня T-65,4800,0,0,90,55,62,32.6
ghoul:berserker,Гуль-берсерк,true,B,46,Укус,puncture,Пробивная,65,1,35,piercing:100%,6,2,95,D,Кожаная броня,250,65,65,0,1,11,5.8
ghoul:berserker,Гуль-берсерк,true,B,46,Укус,puncture,Пробивная,65,1,35,piercing:100%,6,2,95,C,Боевая броня,650,63,63,2,1,11,5.8
ghoul:berserker,Гуль-берсерк,true,B,46,Укус,puncture,Пробивная,65,1,35,piercing:100%,6,2,95,B,"Боевая броня, усиленная",1011,43,43,22,1,15,7.9
ghoul:berserker,Гуль-берсерк,true,B,46,Укус,puncture,Пробивная,65,1,35,piercing:100%,6,2,95,A,Силовая броня T-60,3400,0,0,65,54,64,33.7
ghoul:berserker,Гуль-берсерк,true,B,46,Укус,puncture,Пробивная,65,1,35,piercing:100%,6,2,95,S,Силовая броня T-65,4800,0,0,65,75,85,44.7
ghoul:glowing,Светящийся гуль,true,B,30,Когти,rend,Рубящая,60,1,6,slashing:65% + radiation:35%,4,2,95,D,Кожаная броня,250,34,34,5,1,20,10.5
ghoul:glowing,Светящийся гуль,true,B,30,Когти,rend,Рубящая,60,1,6,slashing:65% + radiation:35%,4,2,95,C,Боевая броня,650,18,18,21,1,30,15.8
ghoul:glowing,Светящийся гуль,true,B,30,Когти,rend,Рубящая,60,1,6,slashing:65% + radiation:35%,4,2,95,B,"Боевая броня, усиленная",1011,2,2,37,1,44,23.2
ghoul:glowing,Светящийся гуль,true,B,30,Когти,rend,Рубящая,60,1,6,slashing:65% + radiation:35%,4,2,95,A,Силовая броня T-60,3400,0,0,60,58,75,39.5
ghoul:glowing,Светящийся гуль,true,B,30,Когти,rend,Рубящая,60,1,6,slashing:65% + radiation:35%,4,2,95,S,Силовая броня T-65,4800,0,0,60,81,98,51.6
ghoul:glowing,Светящийся гуль,true,B,30,Укус,puncture,Пробивная,40,1,21,piercing:100%,4,2,95,D,Кожаная броня,250,40,40,0,1,17,8.9
ghoul:glowing,Светящийся гуль,true,B,30,Укус,puncture,Пробивная,40,1,21,piercing:100%,4,2,95,C,Боевая броня,650,24,24,16,1,25,13.2
ghoul:glowing,Светящийся гуль,true,B,30,Укус,puncture,Пробивная,40,1,21,piercing:100%,4,2,95,B,"Боевая броня, усиленная",1011,4,4,36,1,40,21.1
ghoul:glowing,Светящийся гуль,true,B,30,Укус,puncture,Пробивная,40,1,21,piercing:100%,4,2,95,A,Силовая броня T-60,3400,0,0,40,86,102,53.7
ghoul:glowing,Светящийся гуль,true,B,30,Укус,puncture,Пробивная,40,1,21,piercing:100%,4,2,95,S,Силовая броня T-65,4800,0,0,40,121,137,72.1
super-mutant:ordinary,Супермутант,true,C,20,Кулаки,impact,Силовая,50,1,1,bludgeoning:100%,4,2,95,D,Кожаная броня,250,42,42,12,1,16,8.4
super-mutant:ordinary,Супермутант,true,C,20,Кулаки,impact,Силовая,50,1,1,bludgeoning:100%,4,2,95,C,Боевая броня,650,27,27,35,1,22,11.6
super-mutant:ordinary,Супермутант,true,C,20,Кулаки,impact,Силовая,50,1,1,bludgeoning:100%,4,2,95,B,"Боевая броня, усиленная",1011,13,13,56,1,28,14.7
super-mutant:ordinary,Супермутант,true,C,20,Кулаки,impact,Силовая,50,1,1,bludgeoning:100%,4,2,95,A,Силовая броня T-60,3400,0,0,75,47,60,31.6
super-mutant:ordinary,Супермутант,true,C,20,Кулаки,impact,Силовая,50,1,1,bludgeoning:100%,4,2,95,S,Силовая броня T-65,4800,0,0,75,65,78,41.1
super-mutant:nightkin,Ночной охотник,true,B,38,Кулаки,impact,Силовая,80,1,2,bludgeoning:100%,5,2,95,D,Кожаная броня,250,73,73,11,1,10,5.3
super-mutant:nightkin,Ночной охотник,true,B,38,Кулаки,impact,Силовая,80,1,2,bludgeoning:100%,5,2,95,C,Боевая броня,650,58,58,33,1,12,6.3
super-mutant:nightkin,Ночной охотник,true,B,38,Кулаки,impact,Силовая,80,1,2,bludgeoning:100%,5,2,95,B,"Боевая броня, усиленная",1011,44,44,54,1,14,7.4
super-mutant:nightkin,Ночной охотник,true,B,38,Кулаки,impact,Силовая,80,1,2,bludgeoning:100%,5,2,95,A,Силовая броня T-60,3400,0,0,120,30,38,20
super-mutant:nightkin,Ночной охотник,true,B,38,Кулаки,impact,Силовая,80,1,2,bludgeoning:100%,5,2,95,S,Силовая броня T-65,4800,0,0,120,41,49,25.8
super-mutant:behemoth,Супермутант-бегемот,true,S,92,Удар,impact,Силовая,360,7,5,bludgeoning:100%,13,1,95,D,Кожаная броня,250,332,332,42,1,3,3.2
super-mutant:behemoth,Супермутант-бегемот,true,S,92,Удар,impact,Силовая,360,7,5,bludgeoning:100%,13,1,95,C,Боевая броня,650,233,233,193,1,3,3.2
super-mutant:behemoth,Супермутант-бегемот,true,S,92,Удар,impact,Силовая,360,7,5,bludgeoning:100%,13,1,95,B,"Боевая броня, усиленная",1011,137,137,338,1,4,4.2
super-mutant:behemoth,Супермутант-бегемот,true,S,92,Удар,impact,Силовая,360,7,5,bludgeoning:100%,13,1,95,A,Силовая броня T-60,3400,0,0,542,7,9,9.5
super-mutant:behemoth,Супермутант-бегемот,true,S,92,Удар,impact,Силовая,360,7,5,bludgeoning:100%,13,1,95,S,Силовая броня T-65,4800,0,0,542,9,11,11.6
super-mutant:behemoth,Супермутант-бегемот,true,S,92,Топот,impact,Силовая,325,6,5,bludgeoning:100%,13,1,95,D,Кожаная броня,250,301,301,36,1,3,3.2
super-mutant:behemoth,Супермутант-бегемот,true,S,92,Топот,impact,Силовая,325,6,5,bludgeoning:100%,13,1,95,C,Боевая броня,650,214,214,169,1,3,3.2
super-mutant:behemoth,Супермутант-бегемот,true,S,92,Топот,impact,Силовая,325,6,5,bludgeoning:100%,13,1,95,B,"Боевая броня, усиленная",1011,131,131,294,1,4,4.2
super-mutant:behemoth,Супермутант-бегемот,true,S,92,Топот,impact,Силовая,325,6,5,bludgeoning:100%,13,1,95,A,Силовая броня T-60,3400,0,0,488,8,10,10.5
super-mutant:behemoth,Супермутант-бегемот,true,S,92,Топот,impact,Силовая,325,6,5,bludgeoning:100%,13,1,95,S,Силовая броня T-65,4800,0,0,488,11,13,13.7
super-mutant:behemoth,Супермутант-бегемот,true,S,92,Бросок,impact,Силовая,270,5,5,bludgeoning:100%,13,1,95,D,Кожаная броня,250,250,250,30,1,3,3.2
super-mutant:behemoth,Супермутант-бегемот,true,S,92,Бросок,impact,Силовая,270,5,5,bludgeoning:100%,13,1,95,C,Боевая броня,650,175,175,145,1,4,4.2
super-mutant:behemoth,Супермутант-бегемот,true,S,92,Бросок,impact,Силовая,270,5,5,bludgeoning:100%,13,1,95,B,"Боевая броня, усиленная",1011,105,105,250,1,5,5.3
super-mutant:behemoth,Супермутант-бегемот,true,S,92,Бросок,impact,Силовая,270,5,5,bludgeoning:100%,13,1,95,A,Силовая броня T-60,3400,0,0,405,9,11,11.6
super-mutant:behemoth,Супермутант-бегемот,true,S,92,Бросок,impact,Силовая,270,5,5,bludgeoning:100%,13,1,95,S,Силовая броня T-65,4800,0,0,405,13,15,15.8
rodent:rat,Крыса,true,D,4,Укус,predatorBite,Сильный укус,13,1,3,piercing:100%,2,3,91,D,Кожаная броня,250,8,8,5,1,68,24.9
rodent:rat,Крыса,true,D,4,Укус,predatorBite,Сильный укус,13,1,3,piercing:100%,2,3,91,C,Боевая броня,650,0,0,13,51,102,37.4
rodent:rat,Крыса,true,D,4,Укус,predatorBite,Сильный укус,13,1,3,piercing:100%,2,3,91,B,"Боевая броня, усиленная",1011,0,0,13,79,130,47.6
rodent:rat,Крыса,true,D,4,Укус,predatorBite,Сильный укус,13,1,3,piercing:100%,2,3,91,A,Силовая броня T-60,3400,0,0,13,263,314,115
rodent:rat,Крыса,true,D,4,Укус,predatorBite,Сильный укус,13,1,3,piercing:100%,2,3,91,S,Силовая броня T-65,4800,0,0,13,371,422,154.6
rodent:rat,Крыса,true,D,4,Когти,rend,Рубящая,7,1,0,slashing:100%,2,3,91,D,Кожаная броня,250,0,0,7,30,133,48.7
rodent:rat,Крыса,true,D,4,Когти,rend,Рубящая,7,1,0,slashing:100%,2,3,91,C,Боевая броня,650,0,0,7,94,190,69.6
rodent:rat,Крыса,true,D,4,Когти,rend,Рубящая,7,1,0,slashing:100%,2,3,91,B,"Боевая броня, усиленная",1011,0,0,7,146,242,88.6
rodent:rat,Крыса,true,D,4,Когти,rend,Рубящая,7,1,0,slashing:100%,2,3,91,A,Силовая броня T-60,3400,0,0,7,487,583,213.6
rodent:rat,Крыса,true,D,4,Когти,rend,Рубящая,7,1,0,slashing:100%,2,3,91,S,Силовая броня T-65,4800,0,0,7,687,783,286.8
rodent:mole-rat,Кротокрыс,true,D,10,Укус,predatorBite,Сильный укус,21,1,4,piercing:100%,3,2,91,D,Кожаная броня,250,17,17,4,1,38,20.9
rodent:mole-rat,Кротокрыс,true,D,10,Укус,predatorBite,Сильный укус,21,1,4,piercing:100%,3,2,91,C,Боевая броня,650,0,0,21,26,64,35.2
rodent:mole-rat,Кротокрыс,true,D,10,Укус,predatorBite,Сильный укус,21,1,4,piercing:100%,3,2,91,B,"Боевая броня, усиленная",1011,0,0,21,50,82,45.1
rodent:mole-rat,Кротокрыс,true,D,10,Укус,predatorBite,Сильный укус,21,1,4,piercing:100%,3,2,91,A,Силовая броня T-60,3400,0,0,21,163,195,107.1
rodent:mole-rat,Кротокрыс,true,D,10,Укус,predatorBite,Сильный укус,21,1,4,piercing:100%,3,2,91,S,Силовая броня T-65,4800,0,0,21,230,262,144
rodent:mole-rat,Кротокрыс,true,D,10,Рывок,impact,Силовая,18,1,0,bludgeoning:100%,5,1,91,D,Кожаная броня,250,9,9,14,1,47,51.6
rodent:mole-rat,Кротокрыс,true,D,10,Рывок,impact,Силовая,18,1,0,bludgeoning:100%,5,1,91,C,Боевая броня,650,0,0,27,16,62,68.1
rodent:mole-rat,Кротокрыс,true,D,10,Рывок,impact,Силовая,18,1,0,bludgeoning:100%,5,1,91,B,"Боевая броня, усиленная",1011,0,0,27,39,76,83.5
rodent:mole-rat,Кротокрыс,true,D,10,Рывок,impact,Силовая,18,1,0,bludgeoning:100%,5,1,91,A,Силовая броня T-60,3400,0,0,27,127,164,180.2
rodent:mole-rat,Кротокрыс,true,D,10,Рывок,impact,Силовая,18,1,0,bludgeoning:100%,5,1,91,S,Силовая броня T-65,4800,0,0,27,179,216,237.4
rodent:armored-mole-rat,Бронированный кротокрыс,true,C,20,Укус,predatorBite,Сильный укус,35,1,8,piercing:100%,4,2,95,D,Кожаная броня,250,35,35,0,1,20,10.5
rodent:armored-mole-rat,Бронированный кротокрыс,true,C,20,Укус,predatorBite,Сильный укус,35,1,8,piercing:100%,4,2,95,C,Боевая броня,650,6,6,29,1,39,20.5
rodent:armored-mole-rat,Бронированный кротокрыс,true,C,20,Укус,predatorBite,Сильный укус,35,1,8,piercing:100%,4,2,95,B,"Боевая броня, усиленная",1011,0,0,35,19,49,25.8
rodent:armored-mole-rat,Бронированный кротокрыс,true,C,20,Укус,predatorBite,Сильный укус,35,1,8,piercing:100%,4,2,95,A,Силовая броня T-60,3400,0,0,35,99,118,62.1
rodent:armored-mole-rat,Бронированный кротокрыс,true,C,20,Укус,predatorBite,Сильный укус,35,1,8,piercing:100%,4,2,95,S,Силовая броня T-65,4800,0,0,35,139,158,83.2
rodent:armored-mole-rat,Бронированный кротокрыс,true,C,20,Рывок,impact,Силовая,28,1,0,bludgeoning:100%,6,1,95,D,Кожаная броня,250,19,19,14,1,30,31.6
rodent:armored-mole-rat,Бронированный кротокрыс,true,C,20,Рывок,impact,Силовая,28,1,0,bludgeoning:100%,6,1,95,C,Боевая броня,650,4,4,36,1,40,42.1
rodent:armored-mole-rat,Бронированный кротокрыс,true,C,20,Рывок,impact,Силовая,28,1,0,bludgeoning:100%,6,1,95,B,"Боевая броня, усиленная",1011,0,0,42,16,49,51.6
rodent:armored-mole-rat,Бронированный кротокрыс,true,C,20,Рывок,impact,Силовая,28,1,0,bludgeoning:100%,6,1,95,A,Силовая броня T-60,3400,0,0,42,82,106,111.6
rodent:armored-mole-rat,Бронированный кротокрыс,true,C,20,Рывок,impact,Силовая,28,1,0,bludgeoning:100%,6,1,95,S,Силовая броня T-65,4800,0,0,42,116,140,147.4
brahmin:ordinary,Дикий брамин,true,D,8,Рога,horn,Таранный прокол,24,1,4,piercing:100%,3,3,93,D,Кожаная броня,250,20,20,4,1,33,11.8
brahmin:ordinary,Дикий брамин,true,D,8,Рога,horn,Таранный прокол,24,1,4,piercing:100%,3,3,93,C,Боевая броня,650,0,0,24,18,56,20.1
brahmin:ordinary,Дикий брамин,true,D,8,Рога,horn,Таранный прокол,24,1,4,piercing:100%,3,3,93,B,"Боевая броня, усиленная",1011,0,0,24,44,72,25.8
brahmin:ordinary,Дикий брамин,true,D,8,Рога,horn,Таранный прокол,24,1,4,piercing:100%,3,3,93,A,Силовая броня T-60,3400,0,0,24,143,171,61.3
brahmin:ordinary,Дикий брамин,true,D,8,Рога,horn,Таранный прокол,24,1,4,piercing:100%,3,3,93,S,Силовая броня T-65,4800,0,0,24,201,229,82.1
brahmin:ordinary,Дикий брамин,true,D,8,Копыта,impact,Силовая,24,1,0,bludgeoning:100%,3,3,93,D,Кожаная броня,250,15,15,14,1,35,12.5
brahmin:ordinary,Дикий брамин,true,D,8,Копыта,impact,Силовая,24,1,0,bludgeoning:100%,3,3,93,C,Боевая броня,650,0,0,36,5,47,16.8
brahmin:ordinary,Дикий брамин,true,D,8,Копыта,impact,Силовая,24,1,0,bludgeoning:100%,3,3,93,B,"Боевая броня, усиленная",1011,0,0,36,24,57,20.4
brahmin:ordinary,Дикий брамин,true,D,8,Копыта,impact,Силовая,24,1,0,bludgeoning:100%,3,3,93,A,Силовая броня T-60,3400,0,0,36,96,124,44.4
brahmin:ordinary,Дикий брамин,true,D,8,Копыта,impact,Силовая,24,1,0,bludgeoning:100%,3,3,93,S,Силовая броня T-65,4800,0,0,36,135,163,58.4
horse:pack,Вьючная лошадь,true,D,5,Копыта,impact,Силовая,18,1,0,bludgeoning:100%,3,3,95,D,Кожаная броня,250,9,9,14,1,47,16.5
horse:pack,Вьючная лошадь,true,D,5,Копыта,impact,Силовая,18,1,0,bludgeoning:100%,3,3,95,C,Боевая броня,650,0,0,27,16,62,21.8
horse:pack,Вьючная лошадь,true,D,5,Копыта,impact,Силовая,18,1,0,bludgeoning:100%,3,3,95,B,"Боевая броня, усиленная",1011,0,0,27,39,76,26.7
horse:pack,Вьючная лошадь,true,D,5,Копыта,impact,Силовая,18,1,0,bludgeoning:100%,3,3,95,A,Силовая броня T-60,3400,0,0,27,127,164,57.5
horse:pack,Вьючная лошадь,true,D,5,Копыта,impact,Силовая,18,1,0,bludgeoning:100%,3,3,95,S,Силовая броня T-65,4800,0,0,27,179,216,75.8
horse:pack,Вьючная лошадь,true,D,5,Укус,puncture,Пробивная,13,1,1,piercing:100%,3,3,95,D,Кожаная броня,250,6,6,7,1,72,25.3
horse:pack,Вьючная лошадь,true,D,5,Укус,puncture,Пробивная,13,1,1,piercing:100%,3,3,95,C,Боевая броня,650,0,0,13,51,102,35.8
horse:pack,Вьючная лошадь,true,D,5,Укус,puncture,Пробивная,13,1,1,piercing:100%,3,3,95,B,"Боевая броня, усиленная",1011,0,0,13,79,130,45.6
horse:pack,Вьючная лошадь,true,D,5,Укус,puncture,Пробивная,13,1,1,piercing:100%,3,3,95,A,Силовая броня T-60,3400,0,0,13,263,314,110.2
horse:pack,Вьючная лошадь,true,D,5,Укус,puncture,Пробивная,13,1,1,piercing:100%,3,3,95,S,Силовая броня T-65,4800,0,0,13,371,422,148.1
canine:dog,Собака Пустошей,true,D,6,Укус,predatorBite,Сильный укус,20,1,3,piercing:100%,2,4,93,D,Кожаная броня,250,15,15,5,1,42,11.3
canine:dog,Собака Пустошей,true,D,6,Укус,predatorBite,Сильный укус,20,1,3,piercing:100%,2,4,93,C,Боевая броня,650,0,0,20,27,67,18
canine:dog,Собака Пустошей,true,D,6,Укус,predatorBite,Сильный укус,20,1,3,piercing:100%,2,4,93,B,"Боевая броня, усиленная",1011,0,0,20,52,85,22.8
canine:dog,Собака Пустошей,true,D,6,Укус,predatorBite,Сильный укус,20,1,3,piercing:100%,2,4,93,A,Силовая броня T-60,3400,0,0,20,171,204,54.8
canine:dog,Собака Пустошей,true,D,6,Укус,predatorBite,Сильный укус,20,1,3,piercing:100%,2,4,93,S,Силовая броня T-65,4800,0,0,20,241,274,73.7
canine:dog,Собака Пустошей,true,D,6,Наскок,impact,Силовая,13,1,0,bludgeoning:100%,4,2,93,D,Кожаная броня,250,4,4,14,1,65,34.9
canine:dog,Собака Пустошей,true,D,6,Наскок,impact,Силовая,13,1,0,bludgeoning:100%,4,2,93,C,Боевая броня,650,0,0,20,34,85,45.7
canine:dog,Собака Пустошей,true,D,6,Наскок,impact,Силовая,13,1,0,bludgeoning:100%,4,2,93,B,"Боевая броня, усиленная",1011,0,0,20,52,103,55.4
canine:dog,Собака Пустошей,true,D,6,Наскок,impact,Силовая,13,1,0,bludgeoning:100%,4,2,93,A,Силовая броня T-60,3400,0,0,20,171,222,119.4
canine:dog,Собака Пустошей,true,D,6,Наскок,impact,Силовая,13,1,0,bludgeoning:100%,4,2,93,S,Силовая броня T-65,4800,0,0,20,241,292,157
canine:feral-dog,Одичавшая собака,true,D,10,Укус,predatorBite,Сильный укус,24,1,5,piercing:100%,3,3,95,D,Кожаная броня,250,21,21,3,1,32,11.2
canine:feral-dog,Одичавшая собака,true,D,10,Укус,predatorBite,Сильный укус,24,1,5,piercing:100%,3,3,95,C,Боевая броня,650,0,0,24,18,56,19.6
canine:feral-dog,Одичавшая собака,true,D,10,Укус,predatorBite,Сильный укус,24,1,5,piercing:100%,3,3,95,B,"Боевая броня, усиленная",1011,0,0,24,44,72,25.3
canine:feral-dog,Одичавшая собака,true,D,10,Укус,predatorBite,Сильный укус,24,1,5,piercing:100%,3,3,95,A,Силовая броня T-60,3400,0,0,24,143,171,60
canine:feral-dog,Одичавшая собака,true,D,10,Укус,predatorBite,Сильный укус,24,1,5,piercing:100%,3,3,95,S,Силовая броня T-65,4800,0,0,24,201,229,80.4
canine:feral-dog,Одичавшая собака,true,D,10,Наскок,impact,Силовая,16,1,0,bludgeoning:100%,3,3,95,D,Кожаная броня,250,7,7,14,1,53,18.6
canine:feral-dog,Одичавшая собака,true,D,10,Наскок,impact,Силовая,16,1,0,bludgeoning:100%,3,3,95,C,Боевая броня,650,0,0,24,23,70,24.6
canine:feral-dog,Одичавшая собака,true,D,10,Наскок,impact,Силовая,16,1,0,bludgeoning:100%,3,3,95,B,"Боевая броня, усиленная",1011,0,0,24,44,86,30.2
canine:feral-dog,Одичавшая собака,true,D,10,Наскок,impact,Силовая,16,1,0,bludgeoning:100%,3,3,95,A,Силовая броня T-60,3400,0,0,24,143,185,64.9
canine:feral-dog,Одичавшая собака,true,D,10,Наскок,impact,Силовая,16,1,0,bludgeoning:100%,3,3,95,S,Силовая броня T-65,4800,0,0,24,201,243,85.3
canine:wolf,Волк Пустошей,true,C,22,Укус,predatorBite,Сильный укус,40,1,15,piercing:100%,4,2,95,D,Кожаная броня,250,40,40,0,1,17,8.9
canine:wolf,Волк Пустошей,true,C,22,Укус,predatorBite,Сильный укус,40,1,15,piercing:100%,4,2,95,C,Боевая броня,650,18,18,22,1,29,15.3
canine:wolf,Волк Пустошей,true,C,22,Укус,predatorBite,Сильный укус,40,1,15,piercing:100%,4,2,95,B,"Боевая броня, усиленная",1011,0,0,40,7,43,22.6
canine:wolf,Волк Пустошей,true,C,22,Укус,predatorBite,Сильный укус,40,1,15,piercing:100%,4,2,95,A,Силовая броня T-60,3400,0,0,40,86,102,53.7
canine:wolf,Волк Пустошей,true,C,22,Укус,predatorBite,Сильный укус,40,1,15,piercing:100%,4,2,95,S,Силовая броня T-65,4800,0,0,40,121,137,72.1
canine:wolf,Волк Пустошей,true,C,22,Наскок,impact,Силовая,27,1,0,bludgeoning:100%,4,2,95,D,Кожаная броня,250,18,18,14,1,32,16.8
canine:wolf,Волк Пустошей,true,C,22,Наскок,impact,Силовая,27,1,0,bludgeoning:100%,4,2,95,C,Боевая броня,650,3,3,36,1,42,22.1
canine:wolf,Волк Пустошей,true,C,22,Наскок,impact,Силовая,27,1,0,bludgeoning:100%,4,2,95,B,"Боевая броня, усиленная",1011,0,0,41,16,51,26.8
canine:wolf,Волк Пустошей,true,C,22,Наскок,impact,Силовая,27,1,0,bludgeoning:100%,4,2,95,A,Силовая броня T-60,3400,0,0,41,84,108,56.8
canine:wolf,Волк Пустошей,true,C,22,Наскок,impact,Силовая,27,1,0,bludgeoning:100%,4,2,95,S,Силовая броня T-65,4800,0,0,41,119,143,75.3
canine:diseased-wolf,Больной волк,true,C,23,Укус,predatorBite,Сильный укус,40,1,13,piercing:70% + poison:30%,4,2,95,D,Кожаная броня,250,40,28,0,1,17,8.9
canine:diseased-wolf,Больной волк,true,C,23,Укус,predatorBite,Сильный укус,40,1,13,piercing:70% + poison:30%,4,2,95,C,Боевая броня,650,16,4,24,1,30,15.8
canine:diseased-wolf,Больной волк,true,C,23,Укус,predatorBite,Сильный укус,40,1,13,piercing:70% + poison:30%,4,2,95,B,"Боевая броня, усиленная",1011,12,0,28,1,43,22.6
canine:diseased-wolf,Больной волк,true,C,23,Укус,predatorBite,Сильный укус,40,1,13,piercing:70% + poison:30%,4,2,95,A,Силовая броня T-60,3400,0,0,40,86,102,53.7
canine:diseased-wolf,Больной волк,true,C,23,Укус,predatorBite,Сильный укус,40,1,13,piercing:70% + poison:30%,4,2,95,S,Силовая броня T-65,4800,0,0,40,121,137,72.1
canine:diseased-wolf,Больной волк,true,C,23,Наскок,impact,Силовая,26,1,0,bludgeoning:100%,4,2,95,D,Кожаная броня,250,17,17,14,1,33,17.4
canine:diseased-wolf,Больной волк,true,C,23,Наскок,impact,Силовая,26,1,0,bludgeoning:100%,4,2,95,C,Боевая броня,650,2,2,36,1,43,22.6
canine:diseased-wolf,Больной волк,true,C,23,Наскок,impact,Силовая,26,1,0,bludgeoning:100%,4,2,95,B,"Боевая броня, усиленная",1011,0,0,39,22,53,27.9
canine:diseased-wolf,Больной волк,true,C,23,Наскок,impact,Силовая,26,1,0,bludgeoning:100%,4,2,95,A,Силовая броня T-60,3400,0,0,39,89,114,60
canine:diseased-wolf,Больной волк,true,C,23,Наскок,impact,Силовая,26,1,0,bludgeoning:100%,4,2,95,S,Силовая броня T-65,4800,0,0,39,125,150,78.9
yao-guai:ordinary,Яо-гай-охотник,true,B,42,Когти,rend,Рубящая,95,2,5,slashing:100%,5,2,95,D,Кожаная броня,250,83,83,12,1,8,4.2
yao-guai:ordinary,Яо-гай-охотник,true,B,42,Когти,rend,Рубящая,95,2,5,slashing:100%,5,2,95,C,Боевая броня,650,51,51,44,1,12,6.3
yao-guai:ordinary,Яо-гай-охотник,true,B,42,Когти,rend,Рубящая,95,2,5,slashing:100%,5,2,95,B,"Боевая броня, усиленная",1011,19,19,76,1,18,9.5
yao-guai:ordinary,Яо-гай-охотник,true,B,42,Когти,rend,Рубящая,95,2,5,slashing:100%,5,2,95,A,Силовая броня T-60,3400,0,0,95,37,44,23.2
yao-guai:ordinary,Яо-гай-охотник,true,B,42,Когти,rend,Рубящая,95,2,5,slashing:100%,5,2,95,S,Силовая броня T-65,4800,0,0,95,52,59,31.1
yao-guai:ordinary,Яо-гай-охотник,true,B,42,Укус,puncture,Пробивная,70,1,54,piercing:100%,5,2,95,D,Кожаная броня,250,70,70,0,1,10,5.3
yao-guai:ordinary,Яо-гай-охотник,true,B,42,Укус,puncture,Пробивная,70,1,54,piercing:100%,5,2,95,C,Боевая броня,650,70,70,0,1,10,5.3
yao-guai:ordinary,Яо-гай-охотник,true,B,42,Укус,puncture,Пробивная,70,1,54,piercing:100%,5,2,95,B,"Боевая броня, усиленная",1011,67,67,3,1,11,5.8
yao-guai:ordinary,Яо-гай-охотник,true,B,42,Укус,puncture,Пробивная,70,1,54,piercing:100%,5,2,95,A,Силовая броня T-60,3400,0,0,70,50,59,31.1
yao-guai:ordinary,Яо-гай-охотник,true,B,42,Укус,puncture,Пробивная,70,1,54,piercing:100%,5,2,95,S,Силовая броня T-65,4800,0,0,70,70,79,41.6
yao-guai:ordinary,Яо-гай-охотник,true,B,42,Таран,impact,Силовая,85,1,1,bludgeoning:100%,9,1,95,D,Кожаная броня,250,77,77,12,1,9,9.5
yao-guai:ordinary,Яо-гай-охотник,true,B,42,Таран,impact,Силовая,85,1,1,bludgeoning:100%,9,1,95,C,Боевая броня,650,62,62,35,1,11,11.6
yao-guai:ordinary,Яо-гай-охотник,true,B,42,Таран,impact,Силовая,85,1,1,bludgeoning:100%,9,1,95,B,"Боевая броня, усиленная",1011,48,48,56,1,13,13.7
yao-guai:ordinary,Яо-гай-охотник,true,B,42,Таран,impact,Силовая,85,1,1,bludgeoning:100%,9,1,95,A,Силовая броня T-60,3400,0,0,128,28,35,36.8
yao-guai:ordinary,Яо-гай-охотник,true,B,42,Таран,impact,Силовая,85,1,1,bludgeoning:100%,9,1,95,S,Силовая броня T-65,4800,0,0,128,39,46,48.4
yao-guai:grizzly,Мутировавший гризли,true,B,50,Когти,rend,Рубящая,110,2,6,slashing:100%,5,2,95,D,Кожаная броня,250,100,100,10,1,7,3.7
yao-guai:grizzly,Мутировавший гризли,true,B,50,Когти,rend,Рубящая,110,2,6,slashing:100%,5,2,95,C,Боевая броня,650,68,68,42,1,10,5.3
yao-guai:grizzly,Мутировавший гризли,true,B,50,Когти,rend,Рубящая,110,2,6,slashing:100%,5,2,95,B,"Боевая броня, усиленная",1011,36,36,74,1,14,7.4
yao-guai:grizzly,Мутировавший гризли,true,B,50,Когти,rend,Рубящая,110,2,6,slashing:100%,5,2,95,A,Силовая броня T-60,3400,0,0,110,32,38,20
yao-guai:grizzly,Мутировавший гризли,true,B,50,Когти,rend,Рубящая,110,2,6,slashing:100%,5,2,95,S,Силовая броня T-65,4800,0,0,110,45,51,26.8
yao-guai:grizzly,Мутировавший гризли,true,B,50,Укус,puncture,Пробивная,80,1,66,piercing:100%,5,2,95,D,Кожаная броня,250,80,80,0,1,9,4.7
yao-guai:grizzly,Мутировавший гризли,true,B,50,Укус,puncture,Пробивная,80,1,66,piercing:100%,5,2,95,C,Боевая броня,650,80,80,0,1,9,4.7
yao-guai:grizzly,Мутировавший гризли,true,B,50,Укус,puncture,Пробивная,80,1,66,piercing:100%,5,2,95,B,"Боевая броня, усиленная",1011,80,80,0,1,9,4.7
yao-guai:grizzly,Мутировавший гризли,true,B,50,Укус,puncture,Пробивная,80,1,66,piercing:100%,5,2,95,A,Силовая броня T-60,3400,0,0,80,35,52,27.4
yao-guai:grizzly,Мутировавший гризли,true,B,50,Укус,puncture,Пробивная,80,1,66,piercing:100%,5,2,95,S,Силовая броня T-65,4800,0,0,80,61,69,36.3
yao-guai:grizzly,Мутировавший гризли,true,B,50,Таран,impact,Силовая,100,2,2,bludgeoning:100%,9,1,95,D,Кожаная броня,250,86,86,22,1,8,8.4
yao-guai:grizzly,Мутировавший гризли,true,B,50,Таран,impact,Силовая,100,2,2,bludgeoning:100%,9,1,95,C,Боевая броня,650,56,56,66,1,11,11.6
yao-guai:grizzly,Мутировавший гризли,true,B,50,Таран,impact,Силовая,100,2,2,bludgeoning:100%,9,1,95,B,"Боевая броня, усиленная",1011,28,28,108,1,14,14.7
yao-guai:grizzly,Мутировавший гризли,true,B,50,Таран,impact,Силовая,100,2,2,bludgeoning:100%,9,1,95,A,Силовая броня T-60,3400,0,0,150,24,30,31.6
yao-guai:grizzly,Мутировавший гризли,true,B,50,Таран,impact,Силовая,100,2,2,bludgeoning:100%,9,1,95,S,Силовая броня T-65,4800,0,0,150,33,39,41.1
yao-guai:bloodthirsty,Кровожадный гризли,true,A,65,Когти,rend,Рубящая,160,3,9,slashing:100%,7,2,95,D,Кожаная броня,250,154,154,6,1,5,2.6
yao-guai:bloodthirsty,Кровожадный гризли,true,A,65,Когти,rend,Рубящая,160,3,9,slashing:100%,7,2,95,C,Боевая броня,650,106,106,54,1,7,3.7
yao-guai:bloodthirsty,Кровожадный гризли,true,A,65,Когти,rend,Рубящая,160,3,9,slashing:100%,7,2,95,B,"Боевая броня, усиленная",1011,58,58,102,1,9,4.7
yao-guai:bloodthirsty,Кровожадный гризли,true,A,65,Когти,rend,Рубящая,160,3,9,slashing:100%,7,2,95,A,Силовая броня T-60,3400,0,0,160,22,26,13.7
yao-guai:bloodthirsty,Кровожадный гризли,true,A,65,Когти,rend,Рубящая,160,3,9,slashing:100%,7,2,95,S,Силовая броня T-65,4800,0,0,160,31,35,18.4
yao-guai:bloodthirsty,Кровожадный гризли,true,A,65,Укус,puncture,Пробивная,115,2,98,piercing:100%,7,2,95,D,Кожаная броня,250,115,115,0,1,6,3.2
yao-guai:bloodthirsty,Кровожадный гризли,true,A,65,Укус,puncture,Пробивная,115,2,98,piercing:100%,7,2,95,C,Боевая броня,650,115,115,0,1,6,3.2
yao-guai:bloodthirsty,Кровожадный гризли,true,A,65,Укус,puncture,Пробивная,115,2,98,piercing:100%,7,2,95,B,"Боевая броня, усиленная",1011,115,115,0,1,6,3.2
yao-guai:bloodthirsty,Кровожадный гризли,true,A,65,Укус,puncture,Пробивная,115,2,98,piercing:100%,7,2,95,A,Силовая броня T-60,3400,0,0,115,25,36,18.9
yao-guai:bloodthirsty,Кровожадный гризли,true,A,65,Укус,puncture,Пробивная,115,2,98,piercing:100%,7,2,95,S,Силовая броня T-65,4800,0,0,115,43,48,25.3
yao-guai:bloodthirsty,Кровожадный гризли,true,A,65,Таран,impact,Силовая,145,3,3,bludgeoning:100%,11,1,95,D,Кожаная броня,250,127,127,27,1,6,6.3
yao-guai:bloodthirsty,Кровожадный гризли,true,A,65,Таран,impact,Силовая,145,3,3,bludgeoning:100%,11,1,95,C,Боевая броня,650,82,82,96,1,8,8.4
yao-guai:bloodthirsty,Кровожадный гризли,true,A,65,Таран,impact,Силовая,145,3,3,bludgeoning:100%,11,1,95,B,"Боевая броня, усиленная",1011,40,40,159,1,10,10.5
yao-guai:bloodthirsty,Кровожадный гризли,true,A,65,Таран,impact,Силовая,145,3,3,bludgeoning:100%,11,1,95,A,Силовая броня T-60,3400,0,0,218,16,21,22.1
yao-guai:bloodthirsty,Кровожадный гризли,true,A,65,Таран,impact,Силовая,145,3,3,bludgeoning:100%,11,1,95,S,Силовая броня T-65,4800,0,0,218,23,27,28.4
gecko:ordinary,Геккон,true,D,6,Укус,predatorBite,Сильный укус,16,1,3,piercing:100%,3,3,89,D,Кожаная броня,250,11,11,5,1,54,20.2
gecko:ordinary,Геккон,true,D,6,Укус,predatorBite,Сильный укус,16,1,3,piercing:100%,3,3,89,C,Боевая броня,650,0,0,16,42,84,31.5
gecko:ordinary,Геккон,true,D,6,Укус,predatorBite,Сильный укус,16,1,3,piercing:100%,3,3,89,B,"Боевая броня, усиленная",1011,0,0,16,65,107,40.1
gecko:ordinary,Геккон,true,D,6,Укус,predatorBite,Сильный укус,16,1,3,piercing:100%,3,3,89,A,Силовая броня T-60,3400,0,0,16,214,256,95.9
gecko:ordinary,Геккон,true,D,6,Укус,predatorBite,Сильный укус,16,1,3,piercing:100%,3,3,89,S,Силовая броня T-65,4800,0,0,16,301,343,128.5
gecko:ordinary,Геккон,true,D,6,Хвост,lash,Хлёсткая,12,1,0,bludgeoning:100%,3,3,89,D,Кожаная броня,250,3,3,14,1,70,26.2
gecko:ordinary,Геккон,true,D,6,Хвост,lash,Хлёсткая,12,1,0,bludgeoning:100%,3,3,89,C,Боевая броня,650,0,0,18,38,94,35.2
gecko:ordinary,Геккон,true,D,6,Хвост,lash,Хлёсткая,12,1,0,bludgeoning:100%,3,3,89,B,"Боевая броня, усиленная",1011,0,0,18,58,114,42.7
gecko:ordinary,Геккон,true,D,6,Хвост,lash,Хлёсткая,12,1,0,bludgeoning:100%,3,3,89,A,Силовая броня T-60,3400,0,0,18,190,246,92.1
gecko:ordinary,Геккон,true,D,6,Хвост,lash,Хлёсткая,12,1,0,bludgeoning:100%,3,3,89,S,Силовая броня T-65,4800,0,0,18,268,324,121.3
gecko:hunter,Геккон-охотник,true,C,18,Укус,predatorBite,Сильный укус,35,1,10,piercing:100%,4,2,95,D,Кожаная броня,250,35,35,0,1,20,10.5
gecko:hunter,Геккон-охотник,true,C,18,Укус,predatorBite,Сильный укус,35,1,10,piercing:100%,4,2,95,C,Боевая броня,650,8,8,27,1,39,20.5
gecko:hunter,Геккон-охотник,true,C,18,Укус,predatorBite,Сильный укус,35,1,10,piercing:100%,4,2,95,B,"Боевая броня, усиленная",1011,0,0,35,19,49,25.8
gecko:hunter,Геккон-охотник,true,C,18,Укус,predatorBite,Сильный укус,35,1,10,piercing:100%,4,2,95,A,Силовая броня T-60,3400,0,0,35,99,118,62.1
gecko:hunter,Геккон-охотник,true,C,18,Укус,predatorBite,Сильный укус,35,1,10,piercing:100%,4,2,95,S,Силовая броня T-65,4800,0,0,35,139,158,83.2
gecko:hunter,Геккон-охотник,true,C,18,Хвост,lash,Хлёсткая,26,1,2,bludgeoning:100%,4,2,95,D,Кожаная броня,250,19,19,11,1,32,16.8
gecko:hunter,Геккон-охотник,true,C,18,Хвост,lash,Хлёсткая,26,1,2,bludgeoning:100%,4,2,95,C,Боевая броня,650,4,4,33,1,43,22.6
gecko:hunter,Геккон-охотник,true,C,18,Хвост,lash,Хлёсткая,26,1,2,bludgeoning:100%,4,2,95,B,"Боевая броня, усиленная",1011,0,0,39,17,53,27.9
gecko:hunter,Геккон-охотник,true,C,18,Хвост,lash,Хлёсткая,26,1,2,bludgeoning:100%,4,2,95,A,Силовая броня T-60,3400,0,0,39,89,114,60
gecko:hunter,Геккон-охотник,true,C,18,Хвост,lash,Хлёсткая,26,1,2,bludgeoning:100%,4,2,95,S,Силовая броня T-65,4800,0,0,39,125,150,78.9
gecko:golden,Золотой геккон,true,C,24,Укус,predatorBite,Сильный укус,40,1,14,piercing:100%,4,2,95,D,Кожаная броня,250,40,40,0,1,17,8.9
gecko:golden,Золотой геккон,true,C,24,Укус,predatorBite,Сильный укус,40,1,14,piercing:100%,4,2,95,C,Боевая броня,650,17,17,23,1,29,15.3
gecko:golden,Золотой геккон,true,C,24,Укус,predatorBite,Сильный укус,40,1,14,piercing:100%,4,2,95,B,"Боевая броня, усиленная",1011,0,0,40,7,43,22.6
gecko:golden,Золотой геккон,true,C,24,Укус,predatorBite,Сильный укус,40,1,14,piercing:100%,4,2,95,A,Силовая броня T-60,3400,0,0,40,86,102,53.7
gecko:golden,Золотой геккон,true,C,24,Укус,predatorBite,Сильный укус,40,1,14,piercing:100%,4,2,95,S,Силовая броня T-65,4800,0,0,40,121,137,72.1
gecko:golden,Золотой геккон,true,C,24,Хвост,lash,Хлёсткая,30,1,2,bludgeoning:100%,4,2,95,D,Кожаная броня,250,23,23,11,1,28,14.7
gecko:golden,Золотой геккон,true,C,24,Хвост,lash,Хлёсткая,30,1,2,bludgeoning:100%,4,2,95,C,Боевая броня,650,8,8,33,1,38,20
gecko:golden,Золотой геккон,true,C,24,Хвост,lash,Хлёсткая,30,1,2,bludgeoning:100%,4,2,95,B,"Боевая броня, усиленная",1011,0,0,45,10,45,23.7
gecko:golden,Золотой геккон,true,C,24,Хвост,lash,Хлёсткая,30,1,2,bludgeoning:100%,4,2,95,A,Силовая броня T-60,3400,0,0,45,77,99,52.1
gecko:golden,Золотой геккон,true,C,24,Хвост,lash,Хлёсткая,30,1,2,bludgeoning:100%,4,2,95,S,Силовая броня T-65,4800,0,0,45,108,130,68.4
gecko:fire,Огненный геккон,true,C,24,Укус,predatorBite,Сильный укус,40,1,12,piercing:100%,4,2,95,D,Кожаная броня,250,40,40,0,1,17,8.9
gecko:fire,Огненный геккон,true,C,24,Укус,predatorBite,Сильный укус,40,1,12,piercing:100%,4,2,95,C,Боевая броня,650,15,15,25,1,31,16.3
gecko:fire,Огненный геккон,true,C,24,Укус,predatorBite,Сильный укус,40,1,12,piercing:100%,4,2,95,B,"Боевая броня, усиленная",1011,0,0,40,7,43,22.6
gecko:fire,Огненный геккон,true,C,24,Укус,predatorBite,Сильный укус,40,1,12,piercing:100%,4,2,95,A,Силовая броня T-60,3400,0,0,40,86,102,53.7
gecko:fire,Огненный геккон,true,C,24,Укус,predatorBite,Сильный укус,40,1,12,piercing:100%,4,2,95,S,Силовая броня T-65,4800,0,0,40,121,137,72.1
gecko:fire,Огненный геккон,true,C,24,Пламя,flame,Огненная струя,35,1,2,fire:100%,7,1,95,D,Кожаная броня,250,32,16,3,1,21,22.1
gecko:fire,Огненный геккон,true,C,24,Пламя,flame,Огненная струя,35,1,2,fire:100%,7,1,95,C,Боевая броня,650,18,9,17,1,33,34.7
gecko:fire,Огненный геккон,true,C,24,Пламя,flame,Огненная струя,35,1,2,fire:100%,7,1,95,B,"Боевая броня, усиленная",1011,7,4,28,1,49,51.6
gecko:fire,Огненный геккон,true,C,24,Пламя,flame,Огненная струя,35,1,2,fire:100%,7,1,95,A,Силовая броня T-60,3400,0,0,35,99,118,124.2
gecko:fire,Огненный геккон,true,C,24,Пламя,flame,Огненная струя,35,1,2,fire:100%,7,1,95,S,Силовая броня T-65,4800,0,0,35,139,158,166.3
gecko:fire,Огненный геккон,true,C,24,Хвост,lash,Хлёсткая,29,1,2,bludgeoning:100%,4,2,95,D,Кожаная броня,250,22,22,11,1,29,15.3
gecko:fire,Огненный геккон,true,C,24,Хвост,lash,Хлёсткая,29,1,2,bludgeoning:100%,4,2,95,C,Боевая броня,650,7,7,33,1,39,20.5
gecko:fire,Огненный геккон,true,C,24,Хвост,lash,Хлёсткая,29,1,2,bludgeoning:100%,4,2,95,B,"Боевая броня, усиленная",1011,0,0,44,11,47,24.7
gecko:fire,Огненный геккон,true,C,24,Хвост,lash,Хлёсткая,29,1,2,bludgeoning:100%,4,2,95,A,Силовая броня T-60,3400,0,0,44,79,102,53.7
gecko:fire,Огненный геккон,true,C,24,Хвост,lash,Хлёсткая,29,1,2,bludgeoning:100%,4,2,95,S,Силовая броня T-65,4800,0,0,44,111,134,70.5
gecko:poison,Ядовитый геккон,true,C,22,Укус,predatorBite,Сильный укус,35,1,10,piercing:60% + poison:40%,4,2,95,D,Кожаная броня,250,35,21,0,1,20,10.5
gecko:poison,Ядовитый геккон,true,C,22,Укус,predatorBite,Сильный укус,35,1,10,piercing:60% + poison:40%,4,2,95,C,Боевая броня,650,14,0,21,1,38,20
gecko:poison,Ядовитый геккон,true,C,22,Укус,predatorBite,Сильный укус,35,1,10,piercing:60% + poison:40%,4,2,95,B,"Боевая броня, усиленная",1011,14,0,21,1,49,25.8
gecko:poison,Ядовитый геккон,true,C,22,Укус,predatorBite,Сильный укус,35,1,10,piercing:60% + poison:40%,4,2,95,A,Силовая броня T-60,3400,0,0,35,98,117,61.6
gecko:poison,Ядовитый геккон,true,C,22,Укус,predatorBite,Сильный укус,35,1,10,piercing:60% + poison:40%,4,2,95,S,Силовая броня T-65,4800,0,0,35,138,157,82.6
gecko:poison,Ядовитый геккон,true,C,22,Хвост,lash,Хлёсткая,27,1,2,bludgeoning:100%,4,2,95,D,Кожаная броня,250,20,20,11,1,31,16.3
gecko:poison,Ядовитый геккон,true,C,22,Хвост,lash,Хлёсткая,27,1,2,bludgeoning:100%,4,2,95,C,Боевая броня,650,5,5,33,1,42,22.1
gecko:poison,Ядовитый геккон,true,C,22,Хвост,lash,Хлёсткая,27,1,2,bludgeoning:100%,4,2,95,B,"Боевая броня, усиленная",1011,0,0,41,16,50,26.3
gecko:poison,Ядовитый геккон,true,C,22,Хвост,lash,Хлёсткая,27,1,2,bludgeoning:100%,4,2,95,A,Силовая броня T-60,3400,0,0,41,84,108,56.8
gecko:poison,Ядовитый геккон,true,C,22,Хвост,lash,Хлёсткая,27,1,2,bludgeoning:100%,4,2,95,S,Силовая броня T-65,4800,0,0,41,119,143,75.3
mutant-lizard:ordinary,Ящерица Пустошей,true,C,16,Укус,puncture,Пробивная,24,1,10,piercing:100%,4,2,95,D,Кожаная броня,250,24,24,0,1,29,15.3
mutant-lizard:ordinary,Ящерица Пустошей,true,C,16,Укус,puncture,Пробивная,24,1,10,piercing:100%,4,2,95,C,Боевая броня,650,0,0,24,7,56,29.5
mutant-lizard:ordinary,Ящерица Пустошей,true,C,16,Укус,puncture,Пробивная,24,1,10,piercing:100%,4,2,95,B,"Боевая броня, усиленная",1011,0,0,24,44,72,37.9
mutant-lizard:ordinary,Ящерица Пустошей,true,C,16,Укус,puncture,Пробивная,24,1,10,piercing:100%,4,2,95,A,Силовая броня T-60,3400,0,0,24,143,171,90
mutant-lizard:ordinary,Ящерица Пустошей,true,C,16,Укус,puncture,Пробивная,24,1,10,piercing:100%,4,2,95,S,Силовая броня T-65,4800,0,0,24,201,229,120.5
mutant-lizard:ordinary,Ящерица Пустошей,true,C,16,Хвост,lash,Хлёсткая,23,1,1,bludgeoning:100%,4,2,95,D,Кожаная броня,250,15,15,12,1,37,19.5
mutant-lizard:ordinary,Ящерица Пустошей,true,C,16,Хвост,lash,Хлёсткая,23,1,1,bludgeoning:100%,4,2,95,C,Боевая броня,650,0,0,35,5,49,25.8
mutant-lizard:ordinary,Ящерица Пустошей,true,C,16,Хвост,lash,Хлёсткая,23,1,1,bludgeoning:100%,4,2,95,B,"Боевая броня, усиленная",1011,0,0,35,25,59,31.1
mutant-lizard:ordinary,Ящерица Пустошей,true,C,16,Хвост,lash,Хлёсткая,23,1,1,bludgeoning:100%,4,2,95,A,Силовая броня T-60,3400,0,0,35,99,128,67.4
mutant-lizard:ordinary,Ящерица Пустошей,true,C,16,Хвост,lash,Хлёсткая,23,1,1,bludgeoning:100%,4,2,95,S,Силовая броня T-65,4800,0,0,35,139,168,88.4
night-stalker:ordinary,Ночной охотник,true,B,34,Укус,predatorBite,Сильный укус,65,1,27,piercing:70% + poison:30%,5,2,95,D,Кожаная броня,250,65,46,0,1,11,5.8
night-stalker:ordinary,Ночной охотник,true,B,34,Укус,predatorBite,Сильный укус,65,1,27,piercing:70% + poison:30%,5,2,95,C,Боевая броня,650,55,36,10,1,13,6.8
night-stalker:ordinary,Ночной охотник,true,B,34,Укус,predatorBite,Сильный укус,65,1,27,piercing:70% + poison:30%,5,2,95,B,"Боевая броня, усиленная",1011,35,16,30,1,18,9.5
night-stalker:ordinary,Ночной охотник,true,B,34,Укус,predatorBite,Сильный укус,65,1,27,piercing:70% + poison:30%,5,2,95,A,Силовая броня T-60,3400,0,0,65,53,64,33.7
night-stalker:ordinary,Ночной охотник,true,B,34,Укус,predatorBite,Сильный укус,65,1,27,piercing:70% + poison:30%,5,2,95,S,Силовая броня T-65,4800,0,0,65,75,85,44.7
night-stalker:ordinary,Ночной охотник,true,B,34,Хвост,lash,Хлёсткая,50,1,4,slashing:100%,5,2,95,D,Кожаная броня,250,43,43,7,1,16,8.4
night-stalker:ordinary,Ночной охотник,true,B,34,Хвост,lash,Хлёсткая,50,1,4,slashing:100%,5,2,95,C,Боевая броня,650,27,27,23,1,22,11.6
night-stalker:ordinary,Ночной охотник,true,B,34,Хвост,lash,Хлёсткая,50,1,4,slashing:100%,5,2,95,B,"Боевая броня, усиленная",1011,11,11,39,1,33,17.4
night-stalker:ordinary,Ночной охотник,true,B,34,Хвост,lash,Хлёсткая,50,1,4,slashing:100%,5,2,95,A,Силовая броня T-60,3400,0,0,50,69,82,43.2
night-stalker:ordinary,Ночной охотник,true,B,34,Хвост,lash,Хлёсткая,50,1,4,slashing:100%,5,2,95,S,Силовая броня T-65,4800,0,0,50,97,110,57.9
honey-badger:ordinary,Медоед-падальщик,true,C,20,Укус,predatorBite,Сильный укус,40,1,11,piercing:100%,4,2,95,D,Кожаная броня,250,40,40,0,1,17,8.9
honey-badger:ordinary,Медоед-падальщик,true,C,20,Укус,predatorBite,Сильный укус,40,1,11,piercing:100%,4,2,95,C,Боевая броня,650,14,14,26,1,31,16.3
honey-badger:ordinary,Медоед-падальщик,true,C,20,Укус,predatorBite,Сильный укус,40,1,11,piercing:100%,4,2,95,B,"Боевая броня, усиленная",1011,0,0,40,12,43,22.6
honey-badger:ordinary,Медоед-падальщик,true,C,20,Укус,predatorBite,Сильный укус,40,1,11,piercing:100%,4,2,95,A,Силовая броня T-60,3400,0,0,40,86,102,53.7
honey-badger:ordinary,Медоед-падальщик,true,C,20,Укус,predatorBite,Сильный укус,40,1,11,piercing:100%,4,2,95,S,Силовая броня T-65,4800,0,0,40,121,137,72.1
honey-badger:ordinary,Медоед-падальщик,true,C,20,Когти,rend,Рубящая,40,1,3,slashing:100%,4,2,95,D,Кожаная броня,250,32,32,8,1,21,11.1
honey-badger:ordinary,Медоед-падальщик,true,C,20,Когти,rend,Рубящая,40,1,3,slashing:100%,4,2,95,C,Боевая броня,650,16,16,24,1,32,16.8
honey-badger:ordinary,Медоед-падальщик,true,C,20,Когти,rend,Рубящая,40,1,3,slashing:100%,4,2,95,B,"Боевая броня, усиленная",1011,0,0,40,7,43,22.6
honey-badger:ordinary,Медоед-падальщик,true,C,20,Когти,rend,Рубящая,40,1,3,slashing:100%,4,2,95,A,Силовая броня T-60,3400,0,0,40,86,102,53.7
honey-badger:ordinary,Медоед-падальщик,true,C,20,Когти,rend,Рубящая,40,1,3,slashing:100%,4,2,95,S,Силовая броня T-65,4800,0,0,40,121,137,72.1
honey-badger:bone-plated,Костяной медоед,true,B,34,Укус,predatorBite,Сильный укус,65,1,25,piercing:100%,5,2,95,D,Кожаная броня,250,65,65,0,1,11,5.8
honey-badger:bone-plated,Костяной медоед,true,B,34,Укус,predatorBite,Сильный укус,65,1,25,piercing:100%,5,2,95,C,Боевая броня,650,53,53,12,1,13,6.8
honey-badger:bone-plated,Костяной медоед,true,B,34,Укус,predatorBite,Сильный укус,65,1,25,piercing:100%,5,2,95,B,"Боевая броня, усиленная",1011,33,33,32,1,18,9.5
honey-badger:bone-plated,Костяной медоед,true,B,34,Укус,predatorBite,Сильный укус,65,1,25,piercing:100%,5,2,95,A,Силовая броня T-60,3400,0,0,65,54,64,33.7
honey-badger:bone-plated,Костяной медоед,true,B,34,Укус,predatorBite,Сильный укус,65,1,25,piercing:100%,5,2,95,S,Силовая броня T-65,4800,0,0,65,75,85,44.7
honey-badger:bone-plated,Костяной медоед,true,B,34,Когти,rend,Рубящая,70,1,7,slashing:100%,5,2,95,D,Кожаная броня,250,66,66,4,1,11,5.8
honey-badger:bone-plated,Костяной медоед,true,B,34,Когти,rend,Рубящая,70,1,7,slashing:100%,5,2,95,C,Боевая броня,650,50,50,20,1,14,7.4
honey-badger:bone-plated,Костяной медоед,true,B,34,Когти,rend,Рубящая,70,1,7,slashing:100%,5,2,95,B,"Боевая броня, усиленная",1011,34,34,36,1,18,9.5
honey-badger:bone-plated,Костяной медоед,true,B,34,Когти,rend,Рубящая,70,1,7,slashing:100%,5,2,95,A,Силовая броня T-60,3400,0,0,70,50,59,31.1
honey-badger:bone-plated,Костяной медоед,true,B,34,Когти,rend,Рубящая,70,1,7,slashing:100%,5,2,95,S,Силовая броня T-65,4800,0,0,70,70,79,41.6
honey-badger:legendary,Легендарный медоед,true,A,60,Укус,predatorBite,Сильный укус,120,2,54,piercing:100%,7,2,95,D,Кожаная броня,250,120,120,0,1,6,3.2
honey-badger:legendary,Легендарный медоед,true,A,60,Укус,predatorBite,Сильный укус,120,2,54,piercing:100%,7,2,95,C,Боевая броня,650,120,120,0,1,6,3.2
honey-badger:legendary,Легендарный медоед,true,A,60,Укус,predatorBite,Сильный укус,120,2,54,piercing:100%,7,2,95,B,"Боевая броня, усиленная",1011,114,114,6,1,6,3.2
honey-badger:legendary,Легендарный медоед,true,A,60,Укус,predatorBite,Сильный укус,120,2,54,piercing:100%,7,2,95,A,Силовая броня T-60,3400,0,0,120,29,35,18.4
honey-badger:legendary,Легендарный медоед,true,A,60,Укус,predatorBite,Сильный укус,120,2,54,piercing:100%,7,2,95,S,Силовая броня T-65,4800,0,0,120,41,46,24.2
honey-badger:legendary,Легендарный медоед,true,A,60,Когти,rend,Рубящая,130,3,15,slashing:100%,7,2,95,D,Кожаная броня,250,130,130,0,1,6,3.2
honey-badger:legendary,Легендарный медоед,true,A,60,Когти,rend,Рубящая,130,3,15,slashing:100%,7,2,95,C,Боевая броня,650,94,94,36,1,7,3.7
honey-badger:legendary,Легендарный медоед,true,A,60,Когти,rend,Рубящая,130,3,15,slashing:100%,7,2,95,B,"Боевая броня, усиленная",1011,46,46,84,1,11,5.8
honey-badger:legendary,Легендарный медоед,true,A,60,Когти,rend,Рубящая,130,3,15,slashing:100%,7,2,95,A,Силовая броня T-60,3400,0,0,130,27,32,16.8
honey-badger:legendary,Легендарный медоед,true,A,60,Когти,rend,Рубящая,130,3,15,slashing:100%,7,2,95,S,Силовая броня T-65,4800,0,0,130,38,43,22.6
radroach:ordinary,Радтаракан,true,D,1,Укус,puncture,Пробивная,4,1,1,piercing:100%,3,2,77,D,Кожаная броня,250,0,0,4,51,232,150.6
radroach:ordinary,Радтаракан,true,D,1,Укус,puncture,Пробивная,4,1,1,piercing:100%,3,2,77,C,Боевая броня,650,0,0,4,164,332,215.6
radroach:ordinary,Радтаракан,true,D,1,Укус,puncture,Пробивная,4,1,1,piercing:100%,3,2,77,B,"Боевая броня, усиленная",1011,0,0,4,254,422,274
radroach:ordinary,Радтаракан,true,D,1,Укус,puncture,Пробивная,4,1,1,piercing:100%,3,2,77,A,Силовая броня T-60,3400,0,0,4,851,1019,661.7
radroach:ordinary,Радтаракан,true,D,1,Укус,puncture,Пробивная,4,1,1,piercing:100%,3,2,77,S,Силовая броня T-65,4800,0,0,4,1201,1369,889
radroach:ordinary,Радтаракан,true,D,1,Плевок,toxin,Отложенный яд,4,1,0,poison:100%,3,2,77,D,Кожаная броня,250,4,0,0,1,169,109.7
radroach:ordinary,Радтаракан,true,D,1,Плевок,toxin,Отложенный яд,4,1,0,poison:100%,3,2,77,C,Боевая броня,650,4,0,0,1,169,109.7
radroach:ordinary,Радтаракан,true,D,1,Плевок,toxin,Отложенный яд,4,1,0,poison:100%,3,2,77,B,"Боевая броня, усиленная",1011,4,0,0,1,169,109.7
radroach:ordinary,Радтаракан,true,D,1,Плевок,toxin,Отложенный яд,4,1,0,poison:100%,3,2,77,A,Силовая броня T-60,3400,0,0,4,851,1019,661.7
radroach:ordinary,Радтаракан,true,D,1,Плевок,toxin,Отложенный яд,4,1,0,poison:100%,3,2,77,S,Силовая броня T-65,4800,0,0,4,1201,1369,889
radroach:glowing,Светящийся радтаракан,true,D,8,Укус,puncture,Пробивная,13,1,3,piercing:55% + radiation:45%,3,2,89,D,Кожаная броня,250,2,2,5,1,133,74.7
radroach:glowing,Светящийся радтаракан,true,D,8,Укус,puncture,Пробивная,13,1,3,piercing:55% + radiation:45%,3,2,89,C,Боевая броня,650,0,0,7,94,190,106.7
radroach:glowing,Светящийся радтаракан,true,D,8,Укус,puncture,Пробивная,13,1,3,piercing:55% + radiation:45%,3,2,89,B,"Боевая броня, усиленная",1011,0,0,7,146,242,136
radroach:glowing,Светящийся радтаракан,true,D,8,Укус,puncture,Пробивная,13,1,3,piercing:55% + radiation:45%,3,2,89,A,Силовая броня T-60,3400,0,0,13,263,359,201.7
radroach:glowing,Светящийся радтаракан,true,D,8,Укус,puncture,Пробивная,13,1,3,piercing:55% + radiation:45%,3,2,89,S,Силовая броня T-65,4800,0,0,13,371,467,262.4
radroach:glowing,Светящийся радтаракан,true,D,8,Плевок,toxin,Отложенный яд,13,1,0,poison:55% + radiation:45%,3,2,89,D,Кожаная броня,250,7,0,0,1,97,54.5
radroach:glowing,Светящийся радтаракан,true,D,8,Плевок,toxin,Отложенный яд,13,1,0,poison:55% + radiation:45%,3,2,89,C,Боевая броня,650,7,0,0,1,97,54.5
radroach:glowing,Светящийся радтаракан,true,D,8,Плевок,toxin,Отложенный яд,13,1,0,poison:55% + radiation:45%,3,2,89,B,"Боевая броня, усиленная",1011,7,0,0,1,97,54.5
radroach:glowing,Светящийся радтаракан,true,D,8,Плевок,toxin,Отложенный яд,13,1,0,poison:55% + radiation:45%,3,2,89,A,Силовая броня T-60,3400,0,0,13,263,359,201.7
radroach:glowing,Светящийся радтаракан,true,D,8,Плевок,toxin,Отложенный яд,13,1,0,poison:55% + radiation:45%,3,2,89,S,Силовая броня T-65,4800,0,0,13,371,467,262.4
ant:worker,Муравей-рабочий,true,D,5,Жвалы,shear,Захват и разрыв,13,1,1,slashing:100%,3,2,84,D,Кожаная броня,250,3,3,10,1,72,42.9
ant:worker,Муравей-рабочий,true,D,5,Жвалы,shear,Захват и разрыв,13,1,1,slashing:100%,3,2,84,C,Боевая броня,650,0,0,13,51,102,60.7
ant:worker,Муравей-рабочий,true,D,5,Жвалы,shear,Захват и разрыв,13,1,1,slashing:100%,3,2,84,B,"Боевая броня, усиленная",1011,0,0,13,79,130,77.4
ant:worker,Муравей-рабочий,true,D,5,Жвалы,shear,Захват и разрыв,13,1,1,slashing:100%,3,2,84,A,Силовая броня T-60,3400,0,0,13,263,314,186.9
ant:worker,Муравей-рабочий,true,D,5,Жвалы,shear,Захват и разрыв,13,1,1,slashing:100%,3,2,84,S,Силовая броня T-65,4800,0,0,13,371,422,251.2
ant:worker,Муравей-рабочий,true,D,5,Захват,impact,Силовая,8,1,0,bludgeoning:100%,3,2,84,D,Кожаная броня,250,0,0,12,10,106,63.1
ant:worker,Муравей-рабочий,true,D,5,Захват,impact,Силовая,8,1,0,bludgeoning:100%,3,2,84,C,Боевая броня,650,0,0,12,56,140,83.3
ant:worker,Муравей-рабочий,true,D,5,Захват,impact,Силовая,8,1,0,bludgeoning:100%,3,2,84,B,"Боевая броня, усиленная",1011,0,0,12,86,170,101.2
ant:worker,Муравей-рабочий,true,D,5,Захват,impact,Силовая,8,1,0,bludgeoning:100%,3,2,84,A,Силовая броня T-60,3400,0,0,12,285,369,219.6
ant:worker,Муравей-рабочий,true,D,5,Захват,impact,Силовая,8,1,0,bludgeoning:100%,3,2,84,S,Силовая броня T-65,4800,0,0,12,401,485,288.7
ant:forager,Муравей-фуражир,true,D,3,Жвалы,shear,Захват и разрыв,9,1,0,slashing:100%,3,2,83,D,Кожаная броня,250,0,0,9,13,104,62.7
ant:forager,Муравей-фуражир,true,D,3,Жвалы,shear,Захват и разрыв,9,1,0,slashing:100%,3,2,83,C,Боевая броня,650,0,0,9,74,148,89.2
ant:forager,Муравей-фуражир,true,D,3,Жвалы,shear,Захват и разрыв,9,1,0,slashing:100%,3,2,83,B,"Боевая броня, усиленная",1011,0,0,9,114,188,113.3
ant:forager,Муравей-фуражир,true,D,3,Жвалы,shear,Захват и разрыв,9,1,0,slashing:100%,3,2,83,A,Силовая броня T-60,3400,0,0,9,379,453,272.9
ant:forager,Муравей-фуражир,true,D,3,Жвалы,shear,Захват и разрыв,9,1,0,slashing:100%,3,2,83,S,Силовая броня T-65,4800,0,0,9,535,609,366.9
ant:forager,Муравей-фуражир,true,D,3,Захват,impact,Силовая,6,1,0,bludgeoning:100%,3,2,83,D,Кожаная броня,250,0,0,9,24,141,84.9
ant:forager,Муравей-фуражир,true,D,3,Захват,impact,Силовая,6,1,0,bludgeoning:100%,3,2,83,C,Боевая броня,650,0,0,9,74,186,112
ant:forager,Муравей-фуражир,true,D,3,Захват,impact,Силовая,6,1,0,bludgeoning:100%,3,2,83,B,"Боевая броня, усиленная",1011,0,0,9,114,226,136.1
ant:forager,Муравей-фуражир,true,D,3,Захват,impact,Силовая,6,1,0,bludgeoning:100%,3,2,83,A,Силовая броня T-60,3400,0,0,9,379,491,295.8
ant:forager,Муравей-фуражир,true,D,3,Захват,impact,Силовая,6,1,0,bludgeoning:100%,3,2,83,S,Силовая броня T-65,4800,0,0,9,535,647,389.8
ant:scout,Муравей-разведчик,true,D,8,Жвалы,shear,Захват и разрыв,14,1,1,slashing:100%,2,4,95,D,Кожаная броня,250,4,4,10,1,67,17.6
ant:scout,Муравей-разведчик,true,D,8,Жвалы,shear,Захват и разрыв,14,1,1,slashing:100%,2,4,95,C,Боевая броня,650,0,0,14,48,96,25.3
ant:scout,Муравей-разведчик,true,D,8,Жвалы,shear,Захват и разрыв,14,1,1,slashing:100%,2,4,95,B,"Боевая броня, усиленная",1011,0,0,14,74,122,32.1
ant:scout,Муравей-разведчик,true,D,8,Жвалы,shear,Захват и разрыв,14,1,1,slashing:100%,2,4,95,A,Силовая броня T-60,3400,0,0,14,244,292,76.8
ant:scout,Муравей-разведчик,true,D,8,Жвалы,shear,Захват и разрыв,14,1,1,slashing:100%,2,4,95,S,Силовая броня T-65,4800,0,0,14,344,392,103.2
ant:scout,Муравей-разведчик,true,D,8,Захват,impact,Силовая,9,1,0,bludgeoning:100%,2,4,95,D,Кожаная броня,250,0,0,14,5,94,24.7
ant:scout,Муравей-разведчик,true,D,8,Захват,impact,Силовая,9,1,0,bludgeoning:100%,2,4,95,C,Боевая броня,650,0,0,14,48,122,32.1
ant:scout,Муравей-разведчик,true,D,8,Захват,impact,Силовая,9,1,0,bludgeoning:100%,2,4,95,B,"Боевая броня, усиленная",1011,0,0,14,74,148,38.9
ant:scout,Муравей-разведчик,true,D,8,Захват,impact,Силовая,9,1,0,bludgeoning:100%,2,4,95,A,Силовая броня T-60,3400,0,0,14,244,318,83.7
ant:scout,Муравей-разведчик,true,D,8,Захват,impact,Силовая,9,1,0,bludgeoning:100%,2,4,95,S,Силовая броня T-65,4800,0,0,14,344,418,110
ant:fire,Огненный муравей,true,C,18,Жвалы,shear,Захват и разрыв,30,1,2,slashing:100%,4,2,95,D,Кожаная броня,250,21,21,9,1,29,15.3
ant:fire,Огненный муравей,true,C,18,Жвалы,shear,Захват и разрыв,30,1,2,slashing:100%,4,2,95,C,Боевая броня,650,5,5,25,1,45,23.7
ant:fire,Огненный муравей,true,C,18,Жвалы,shear,Захват и разрыв,30,1,2,slashing:100%,4,2,95,B,"Боевая броня, усиленная",1011,0,0,30,22,57,30
ant:fire,Огненный муравей,true,C,18,Жвалы,shear,Захват и разрыв,30,1,2,slashing:100%,4,2,95,A,Силовая броня T-60,3400,0,0,30,115,137,72.1
ant:fire,Огненный муравей,true,C,18,Жвалы,shear,Захват и разрыв,30,1,2,slashing:100%,4,2,95,S,Силовая броня T-65,4800,0,0,30,161,183,96.3
ant:fire,Огненный муравей,true,C,18,Пламя,flame,Огненная струя,27,1,2,fire:100%,6,1,95,D,Кожаная броня,250,24,12,3,1,28,29.5
ant:fire,Огненный муравей,true,C,18,Пламя,flame,Огненная струя,27,1,2,fire:100%,6,1,95,C,Боевая броня,650,10,5,17,1,48,50.5
ant:fire,Огненный муравей,true,C,18,Пламя,flame,Огненная струя,27,1,2,fire:100%,6,1,95,B,"Боевая броня, усиленная",1011,0,0,27,9,63,66.3
ant:fire,Огненный муравей,true,C,18,Пламя,flame,Огненная струя,27,1,2,fire:100%,6,1,95,A,Силовая броня T-60,3400,0,0,27,127,151,158.9
ant:fire,Огненный муравей,true,C,18,Пламя,flame,Огненная струя,27,1,2,fire:100%,6,1,95,S,Силовая броня T-65,4800,0,0,27,179,203,213.7
bloatfly:ordinary,Дутень,true,D,4,Плевок,toxin,Отложенный яд,10,1,0,poison:100%,3,3,95,D,Кожаная броня,250,10,0,0,1,68,23.9
bloatfly:ordinary,Дутень,true,D,4,Плевок,toxin,Отложенный яд,10,1,0,poison:100%,3,3,95,C,Боевая броня,650,10,0,0,1,68,23.9
bloatfly:ordinary,Дутень,true,D,4,Плевок,toxin,Отложенный яд,10,1,0,poison:100%,3,3,95,B,"Боевая броня, усиленная",1011,10,0,0,1,68,23.9
bloatfly:ordinary,Дутень,true,D,4,Плевок,toxin,Отложенный яд,10,1,0,poison:100%,3,3,95,A,Силовая броня T-60,3400,0,0,10,341,408,143.2
bloatfly:ordinary,Дутень,true,D,4,Плевок,toxin,Отложенный яд,10,1,0,poison:100%,3,3,95,S,Силовая броня T-65,4800,0,0,10,481,548,192.3
bloatfly:ordinary,Дутень,true,D,4,Жало,sting,Жало,8,1,1,piercing:60% + poison:40%,3,3,87,D,Кожаная броня,250,3,0,5,1,116,44.4
bloatfly:ordinary,Дутень,true,D,4,Жало,sting,Жало,8,1,1,piercing:60% + poison:40%,3,3,87,C,Боевая броня,650,3,0,5,1,166,63.6
bloatfly:ordinary,Дутень,true,D,4,Жало,sting,Жало,8,1,1,piercing:60% + poison:40%,3,3,87,B,"Боевая броня, усиленная",1011,3,0,5,1,212,81.2
bloatfly:ordinary,Дутень,true,D,4,Жало,sting,Жало,8,1,1,piercing:60% + poison:40%,3,3,87,A,Силовая броня T-60,3400,0,0,8,426,510,195.4
bloatfly:ordinary,Дутень,true,D,4,Жало,sting,Жало,8,1,1,piercing:60% + poison:40%,3,3,87,S,Силовая броня T-65,4800,0,0,8,601,685,262.5
bloatfly:queen,Матка дутней,true,C,20,Залп,flurry,Серия,14,1,1,poison:100%,6,1,95,D,Кожаная броня,250,42,0,0,1,17,17.9
bloatfly:queen,Матка дутней,true,C,20,Залп,flurry,Серия,14,1,1,poison:100%,6,1,95,C,Боевая броня,650,42,0,0,1,17,17.9
bloatfly:queen,Матка дутней,true,C,20,Залп,flurry,Серия,14,1,1,poison:100%,6,1,95,B,"Боевая броня, усиленная",1011,42,0,0,1,17,17.9
bloatfly:queen,Матка дутней,true,C,20,Залп,flurry,Серия,14,1,1,poison:100%,6,1,95,A,Силовая броня T-60,3400,0,0,42,82,98,103.2
bloatfly:queen,Матка дутней,true,C,20,Залп,flurry,Серия,14,1,1,poison:100%,6,1,95,S,Силовая броня T-65,4800,0,0,42,115,131,137.9
bloatfly:queen,Матка дутней,true,C,20,Жало,sting,Жало,19,1,9,piercing:60% + poison:40%,4,2,95,D,Кожаная броня,250,19,11,0,1,36,18.9
bloatfly:queen,Матка дутней,true,C,20,Жало,sting,Жало,19,1,9,piercing:60% + poison:40%,4,2,95,C,Боевая броня,650,8,0,11,1,71,37.4
bloatfly:queen,Матка дутней,true,C,20,Жало,sting,Жало,19,1,9,piercing:60% + poison:40%,4,2,95,B,"Боевая броня, усиленная",1011,8,0,11,1,85,44.7
bloatfly:queen,Матка дутней,true,C,20,Жало,sting,Жало,19,1,9,piercing:60% + poison:40%,4,2,95,A,Силовая броня T-60,3400,0,0,19,180,215,113.2
bloatfly:queen,Матка дутней,true,C,20,Жало,sting,Жало,19,1,9,piercing:60% + poison:40%,4,2,95,S,Силовая броня T-65,4800,0,0,19,254,289,152.1
mantis:ordinary,Гигантский богомол,true,D,10,Когти,rend,Рубящая,24,1,1,slashing:100%,3,3,95,D,Кожаная броня,250,14,14,10,1,39,13.7
mantis:ordinary,Гигантский богомол,true,D,10,Когти,rend,Рубящая,24,1,1,slashing:100%,3,3,95,C,Боевая броня,650,0,0,24,7,56,19.6
mantis:ordinary,Гигантский богомол,true,D,10,Когти,rend,Рубящая,24,1,1,slashing:100%,3,3,95,B,"Боевая броня, усиленная",1011,0,0,24,44,72,25.3
mantis:ordinary,Гигантский богомол,true,D,10,Когти,rend,Рубящая,24,1,1,slashing:100%,3,3,95,A,Силовая броня T-60,3400,0,0,24,143,171,60
mantis:ordinary,Гигантский богомол,true,D,10,Когти,rend,Рубящая,24,1,1,slashing:100%,3,3,95,S,Силовая броня T-65,4800,0,0,24,201,229,80.4
mantis:ordinary,Гигантский богомол,true,D,10,Укус,puncture,Пробивная,14,1,5,piercing:100%,3,3,95,D,Кожаная броня,250,11,11,3,1,57,20
mantis:ordinary,Гигантский богомол,true,D,10,Укус,puncture,Пробивная,14,1,5,piercing:100%,3,3,95,C,Боевая броня,650,0,0,14,48,96,33.7
mantis:ordinary,Гигантский богомол,true,D,10,Укус,puncture,Пробивная,14,1,5,piercing:100%,3,3,95,B,"Боевая броня, усиленная",1011,0,0,14,74,122,42.8
mantis:ordinary,Гигантский богомол,true,D,10,Укус,puncture,Пробивная,14,1,5,piercing:100%,3,3,95,A,Силовая броня T-60,3400,0,0,14,244,292,102.5
mantis:ordinary,Гигантский богомол,true,D,10,Укус,puncture,Пробивная,14,1,5,piercing:100%,3,3,95,S,Силовая броня T-65,4800,0,0,14,344,392,137.5
cazador:ordinary,Касадор,true,B,38,Жало,sting,Жало,40,1,31,piercing:45% + poison:55%,4,3,95,D,Кожаная броня,250,40,18,0,1,17,6
cazador:ordinary,Касадор,true,B,38,Жало,sting,Жало,40,1,31,piercing:45% + poison:55%,4,3,95,C,Боевая броня,650,34,12,6,1,20,7
cazador:ordinary,Касадор,true,B,38,Жало,sting,Жало,40,1,31,piercing:45% + poison:55%,4,3,95,B,"Боевая броня, усиленная",1011,22,0,18,1,30,10.5
cazador:ordinary,Касадор,true,B,38,Жало,sting,Жало,40,1,31,piercing:45% + poison:55%,4,3,95,A,Силовая броня T-60,3400,0,0,40,86,102,35.8
cazador:ordinary,Касадор,true,B,38,Жало,sting,Жало,40,1,31,piercing:45% + poison:55%,4,3,95,S,Силовая броня T-65,4800,0,0,40,121,137,48.1
cazador:ordinary,Касадор,true,B,38,Укус,puncture,Пробивная,35,1,22,piercing:100%,4,3,95,D,Кожаная броня,250,35,35,0,1,20,7
cazador:ordinary,Касадор,true,B,38,Укус,puncture,Пробивная,35,1,22,piercing:100%,4,3,95,C,Боевая броня,650,20,20,15,1,29,10.2
cazador:ordinary,Касадор,true,B,38,Укус,puncture,Пробивная,35,1,22,piercing:100%,4,3,95,B,"Боевая броня, усиленная",1011,0,0,35,7,48,16.8
cazador:ordinary,Касадор,true,B,38,Укус,puncture,Пробивная,35,1,22,piercing:100%,4,3,95,A,Силовая броня T-60,3400,0,0,35,99,118,41.4
cazador:ordinary,Касадор,true,B,38,Укус,puncture,Пробивная,35,1,22,piercing:100%,4,3,95,S,Силовая броня T-65,4800,0,0,35,139,158,55.4
radscorpion:ordinary,Радскорпион,true,B,45,Клешни,shear,Захват и разрыв,85,1,7,slashing:100%,5,2,95,D,Кожаная броня,250,81,81,4,1,9,4.7
radscorpion:ordinary,Радскорпион,true,B,45,Клешни,shear,Захват и разрыв,85,1,7,slashing:100%,5,2,95,C,Боевая броня,650,65,65,20,1,11,5.8
radscorpion:ordinary,Радскорпион,true,B,45,Клешни,shear,Захват и разрыв,85,1,7,slashing:100%,5,2,95,B,"Боевая броня, усиленная",1011,49,49,36,1,14,7.4
radscorpion:ordinary,Радскорпион,true,B,45,Клешни,shear,Захват и разрыв,85,1,7,slashing:100%,5,2,95,A,Силовая броня T-60,3400,0,0,85,41,48,25.3
radscorpion:ordinary,Радскорпион,true,B,45,Клешни,shear,Захват и разрыв,85,1,7,slashing:100%,5,2,95,S,Силовая броня T-65,4800,0,0,85,58,65,34.2
radscorpion:ordinary,Радскорпион,true,B,45,Жало,sting,Жало,50,1,54,piercing:60% + poison:40%,5,2,95,D,Кожаная броня,250,50,30,0,1,14,7.4
radscorpion:ordinary,Радскорпион,true,B,45,Жало,sting,Жало,50,1,54,piercing:60% + poison:40%,5,2,95,C,Боевая броня,650,50,30,0,1,14,7.4
radscorpion:ordinary,Радскорпион,true,B,45,Жало,sting,Жало,50,1,54,piercing:60% + poison:40%,5,2,95,B,"Боевая броня, усиленная",1011,47,27,3,1,15,7.9
radscorpion:ordinary,Радскорпион,true,B,45,Жало,sting,Жало,50,1,54,piercing:60% + poison:40%,5,2,95,A,Силовая броня T-60,3400,0,0,50,69,82,43.2
radscorpion:ordinary,Радскорпион,true,B,45,Жало,sting,Жало,50,1,54,piercing:60% + poison:40%,5,2,95,S,Силовая броня T-65,4800,0,0,50,97,110,57.9
radscorpion:ordinary,Радскорпион,true,B,45,Таран,impact,Силовая,70,1,1,bludgeoning:100%,9,1,95,D,Кожаная броня,250,62,62,12,1,11,11.6
radscorpion:ordinary,Радскорпион,true,B,45,Таран,impact,Силовая,70,1,1,bludgeoning:100%,9,1,95,C,Боевая броня,650,47,47,35,1,14,14.7
radscorpion:ordinary,Радскорпион,true,B,45,Таран,impact,Силовая,70,1,1,bludgeoning:100%,9,1,95,B,"Боевая броня, усиленная",1011,33,33,56,1,18,18.9
radscorpion:ordinary,Радскорпион,true,B,45,Таран,impact,Силовая,70,1,1,bludgeoning:100%,9,1,95,A,Силовая броня T-60,3400,0,0,105,34,43,45.3
radscorpion:ordinary,Радскорпион,true,B,45,Таран,impact,Силовая,70,1,1,bludgeoning:100%,9,1,95,S,Силовая броня T-65,4800,0,0,105,47,56,58.9
bombardier-beetle:ordinary,Жук-подрывник,true,C,22,Взрыв,explosive,Взрыв,45,1,3,fire:70% + bludgeoning:30%,7,1,95,D,Кожаная броня,250,37,22,11,1,18,18.9
bombardier-beetle:ordinary,Жук-подрывник,true,C,22,Взрыв,explosive,Взрыв,45,1,3,fire:70% + bludgeoning:30%,7,1,95,C,Боевая броня,650,16,8,36,1,27,28.4
bombardier-beetle:ordinary,Жук-подрывник,true,C,22,Взрыв,explosive,Взрыв,45,1,3,fire:70% + bludgeoning:30%,7,1,95,B,"Боевая броня, усиленная",1011,5,3,47,1,34,35.8
bombardier-beetle:ordinary,Жук-подрывник,true,C,22,Взрыв,explosive,Взрыв,45,1,3,fire:70% + bludgeoning:30%,7,1,95,A,Силовая броня T-60,3400,0,0,52,66,81,85.3
bombardier-beetle:ordinary,Жук-подрывник,true,C,22,Взрыв,explosive,Взрыв,45,1,3,fire:70% + bludgeoning:30%,7,1,95,S,Силовая броня T-65,4800,0,0,52,93,108,113.7
bombardier-beetle:ordinary,Жук-подрывник,true,C,22,Жвалы,shear,Захват и разрыв,40,1,3,slashing:100%,4,2,95,D,Кожаная броня,250,32,32,8,1,21,11.1
bombardier-beetle:ordinary,Жук-подрывник,true,C,22,Жвалы,shear,Захват и разрыв,40,1,3,slashing:100%,4,2,95,C,Боевая броня,650,16,16,24,1,32,16.8
bombardier-beetle:ordinary,Жук-подрывник,true,C,22,Жвалы,shear,Захват и разрыв,40,1,3,slashing:100%,4,2,95,B,"Боевая броня, усиленная",1011,0,0,40,7,43,22.6
bombardier-beetle:ordinary,Жук-подрывник,true,C,22,Жвалы,shear,Захват и разрыв,40,1,3,slashing:100%,4,2,95,A,Силовая броня T-60,3400,0,0,40,86,102,53.7
bombardier-beetle:ordinary,Жук-подрывник,true,C,22,Жвалы,shear,Захват и разрыв,40,1,3,slashing:100%,4,2,95,S,Силовая броня T-65,4800,0,0,40,121,137,72.1
deathclaw:ordinary,Коготь смерти,true,A,68,Когти,rend,Рубящая,180,3,23,slashing:100%,11,2,95,D,Кожаная броня,250,180,180,0,1,4,2.1
deathclaw:ordinary,Коготь смерти,true,A,68,Когти,rend,Рубящая,180,3,23,slashing:100%,11,2,95,C,Боевая броня,650,168,168,12,1,5,2.6
deathclaw:ordinary,Коготь смерти,true,A,68,Когти,rend,Рубящая,180,3,23,slashing:100%,11,2,95,B,"Боевая броня, усиленная",1011,120,120,60,1,6,3.2
deathclaw:ordinary,Коготь смерти,true,A,68,Когти,rend,Рубящая,180,3,23,slashing:100%,11,2,95,A,Силовая броня T-60,3400,0,0,180,20,23,12.1
deathclaw:ordinary,Коготь смерти,true,A,68,Когти,rend,Рубящая,180,3,23,slashing:100%,11,2,95,S,Силовая броня T-65,4800,0,0,180,27,31,16.3
deathclaw:ordinary,Коготь смерти,true,A,68,Укус,puncture,Пробивная,130,2,114,piercing:100%,11,2,95,D,Кожаная броня,250,130,130,0,1,6,3.2
deathclaw:ordinary,Коготь смерти,true,A,68,Укус,puncture,Пробивная,130,2,114,piercing:100%,11,2,95,C,Боевая броня,650,130,130,0,1,6,3.2
deathclaw:ordinary,Коготь смерти,true,A,68,Укус,puncture,Пробивная,130,2,114,piercing:100%,11,2,95,B,"Боевая броня, усиленная",1011,130,130,0,1,6,3.2
deathclaw:ordinary,Коготь смерти,true,A,68,Укус,puncture,Пробивная,130,2,114,piercing:100%,11,2,95,A,Силовая броня T-60,3400,0,0,130,17,29,15.3
deathclaw:ordinary,Коготь смерти,true,A,68,Укус,puncture,Пробивная,130,2,114,piercing:100%,11,2,95,S,Силовая броня T-65,4800,0,0,130,38,43,22.6
deathclaw:ordinary,Коготь смерти,true,A,68,Хвост,impact,Силовая,140,3,4,bludgeoning:100%,11,2,95,D,Кожаная броня,250,125,125,24,1,6,3.2
deathclaw:ordinary,Коготь смерти,true,A,68,Хвост,impact,Силовая,140,3,4,bludgeoning:100%,11,2,95,C,Боевая броня,650,80,80,90,1,8,4.2
deathclaw:ordinary,Коготь смерти,true,A,68,Хвост,impact,Силовая,140,3,4,bludgeoning:100%,11,2,95,B,"Боевая броня, усиленная",1011,38,38,153,1,10,5.3
deathclaw:ordinary,Коготь смерти,true,A,68,Хвост,impact,Силовая,140,3,4,bludgeoning:100%,11,2,95,A,Силовая броня T-60,3400,0,0,211,17,22,11.6
deathclaw:ordinary,Коготь смерти,true,A,68,Хвост,impact,Силовая,140,3,4,bludgeoning:100%,11,2,95,S,Силовая броня T-65,4800,0,0,211,24,28,14.7
deathclaw:juvenile,Детёныш когтя смерти,true,B,40,Когти,rend,Рубящая,100,2,12,slashing:100%,6,2,95,D,Кожаная броня,250,100,100,0,1,7,3.7
deathclaw:juvenile,Детёныш когтя смерти,true,B,40,Когти,rend,Рубящая,100,2,12,slashing:100%,6,2,95,C,Боевая броня,650,70,70,30,1,10,5.3
deathclaw:juvenile,Детёныш когтя смерти,true,B,40,Когти,rend,Рубящая,100,2,12,slashing:100%,6,2,95,B,"Боевая броня, усиленная",1011,38,38,62,1,14,7.4
deathclaw:juvenile,Детёныш когтя смерти,true,B,40,Когти,rend,Рубящая,100,2,12,slashing:100%,6,2,95,A,Силовая броня T-60,3400,0,0,100,35,41,21.6
deathclaw:juvenile,Детёныш когтя смерти,true,B,40,Когти,rend,Рубящая,100,2,12,slashing:100%,6,2,95,S,Силовая броня T-65,4800,0,0,100,49,55,28.9
deathclaw:juvenile,Детёныш когтя смерти,true,B,40,Укус,puncture,Пробивная,70,1,60,piercing:100%,6,2,95,D,Кожаная броня,250,70,70,0,1,10,5.3
deathclaw:juvenile,Детёныш когтя смерти,true,B,40,Укус,puncture,Пробивная,70,1,60,piercing:100%,6,2,95,C,Боевая броня,650,70,70,0,1,10,5.3
deathclaw:juvenile,Детёныш когтя смерти,true,B,40,Укус,puncture,Пробивная,70,1,60,piercing:100%,6,2,95,B,"Боевая броня, усиленная",1011,70,70,0,1,10,5.3
deathclaw:juvenile,Детёныш когтя смерти,true,B,40,Укус,puncture,Пробивная,70,1,60,piercing:100%,6,2,95,A,Силовая броня T-60,3400,0,0,70,50,59,31.1
deathclaw:juvenile,Детёныш когтя смерти,true,B,40,Укус,puncture,Пробивная,70,1,60,piercing:100%,6,2,95,S,Силовая броня T-65,4800,0,0,70,70,79,41.6
deathclaw:juvenile,Детёныш когтя смерти,true,B,40,Хвост,impact,Силовая,80,1,2,bludgeoning:100%,6,2,95,D,Кожаная броня,250,73,73,11,1,10,5.3
deathclaw:juvenile,Детёныш когтя смерти,true,B,40,Хвост,impact,Силовая,80,1,2,bludgeoning:100%,6,2,95,C,Боевая броня,650,58,58,33,1,12,6.3
deathclaw:juvenile,Детёныш когтя смерти,true,B,40,Хвост,impact,Силовая,80,1,2,bludgeoning:100%,6,2,95,B,"Боевая броня, усиленная",1011,44,44,54,1,14,7.4
deathclaw:juvenile,Детёныш когтя смерти,true,B,40,Хвост,impact,Силовая,80,1,2,bludgeoning:100%,6,2,95,A,Силовая броня T-60,3400,0,0,120,30,38,20
deathclaw:juvenile,Детёныш когтя смерти,true,B,40,Хвост,impact,Силовая,80,1,2,bludgeoning:100%,6,2,95,S,Силовая броня T-65,4800,0,0,120,41,49,25.8
deathclaw:hunter,Коготь смерти-охотник,true,A,74,Когти,rend,Рубящая,200,4,25,slashing:100%,12,2,95,D,Кожаная броня,250,200,200,0,1,4,2.1
deathclaw:hunter,Коготь смерти-охотник,true,A,74,Когти,rend,Рубящая,200,4,25,slashing:100%,12,2,95,C,Боевая броня,650,192,192,8,1,4,2.1
deathclaw:hunter,Коготь смерти-охотник,true,A,74,Когти,rend,Рубящая,200,4,25,slashing:100%,12,2,95,B,"Боевая броня, усиленная",1011,128,128,72,1,5,2.6
deathclaw:hunter,Коготь смерти-охотник,true,A,74,Когти,rend,Рубящая,200,4,25,slashing:100%,12,2,95,A,Силовая броня T-60,3400,0,0,200,18,21,11.1
deathclaw:hunter,Коготь смерти-охотник,true,A,74,Когти,rend,Рубящая,200,4,25,slashing:100%,12,2,95,S,Силовая броня T-65,4800,0,0,200,25,28,14.7
deathclaw:hunter,Коготь смерти-охотник,true,A,74,Укус,puncture,Пробивная,145,2,126,piercing:100%,12,2,95,D,Кожаная броня,250,145,145,0,1,5,2.6
deathclaw:hunter,Коготь смерти-охотник,true,A,74,Укус,puncture,Пробивная,145,2,126,piercing:100%,12,2,95,C,Боевая броня,650,145,145,0,1,5,2.6
deathclaw:hunter,Коготь смерти-охотник,true,A,74,Укус,puncture,Пробивная,145,2,126,piercing:100%,12,2,95,B,"Боевая броня, усиленная",1011,145,145,0,1,5,2.6
deathclaw:hunter,Коготь смерти-охотник,true,A,74,Укус,puncture,Пробивная,145,2,126,piercing:100%,12,2,95,A,Силовая броня T-60,3400,0,0,145,10,23,12.1
deathclaw:hunter,Коготь смерти-охотник,true,A,74,Укус,puncture,Пробивная,145,2,126,piercing:100%,12,2,95,S,Силовая броня T-65,4800,0,0,145,34,39,20.5
deathclaw:hunter,Коготь смерти-охотник,true,A,74,Хвост,impact,Силовая,155,3,4,bludgeoning:100%,12,2,95,D,Кожаная броня,250,140,140,24,1,5,2.6
deathclaw:hunter,Коготь смерти-охотник,true,A,74,Хвост,impact,Силовая,155,3,4,bludgeoning:100%,12,2,95,C,Боевая броня,650,95,95,90,1,7,3.7
deathclaw:hunter,Коготь смерти-охотник,true,A,74,Хвост,impact,Силовая,155,3,4,bludgeoning:100%,12,2,95,B,"Боевая броня, усиленная",1011,53,53,153,1,9,4.7
deathclaw:hunter,Коготь смерти-охотник,true,A,74,Хвост,impact,Силовая,155,3,4,bludgeoning:100%,12,2,95,A,Силовая броня T-60,3400,0,0,233,15,20,10.5
deathclaw:hunter,Коготь смерти-охотник,true,A,74,Хвост,impact,Силовая,155,3,4,bludgeoning:100%,12,2,95,S,Силовая броня T-65,4800,0,0,233,21,26,13.7
deathclaw:alpha,Альфа-коготь смерти,true,A,80,Когти,rend,Рубящая,220,4,28,slashing:100%,11,2,95,D,Кожаная броня,250,220,220,0,1,4,2.1
deathclaw:alpha,Альфа-коготь смерти,true,A,80,Когти,rend,Рубящая,220,4,28,slashing:100%,11,2,95,C,Боевая броня,650,220,220,0,1,4,2.1
deathclaw:alpha,Альфа-коготь смерти,true,A,80,Когти,rend,Рубящая,220,4,28,slashing:100%,11,2,95,B,"Боевая броня, усиленная",1011,160,160,60,1,5,2.6
deathclaw:alpha,Альфа-коготь смерти,true,A,80,Когти,rend,Рубящая,220,4,28,slashing:100%,11,2,95,A,Силовая броня T-60,3400,0,0,220,16,19,10
deathclaw:alpha,Альфа-коготь смерти,true,A,80,Когти,rend,Рубящая,220,4,28,slashing:100%,11,2,95,S,Силовая броня T-65,4800,0,0,220,23,26,13.7
deathclaw:alpha,Альфа-коготь смерти,true,A,80,Укус,puncture,Пробивная,160,2,142,piercing:100%,11,2,95,D,Кожаная броня,250,160,160,0,1,5,2.6
deathclaw:alpha,Альфа-коготь смерти,true,A,80,Укус,puncture,Пробивная,160,2,142,piercing:100%,11,2,95,C,Боевая броня,650,160,160,0,1,5,2.6
deathclaw:alpha,Альфа-коготь смерти,true,A,80,Укус,puncture,Пробивная,160,2,142,piercing:100%,11,2,95,B,"Боевая броня, усиленная",1011,160,160,0,1,5,2.6
deathclaw:alpha,Альфа-коготь смерти,true,A,80,Укус,puncture,Пробивная,160,2,142,piercing:100%,11,2,95,A,Силовая броня T-60,3400,0,0,160,5,17,8.9
deathclaw:alpha,Альфа-коготь смерти,true,A,80,Укус,puncture,Пробивная,160,2,142,piercing:100%,11,2,95,S,Силовая броня T-65,4800,0,0,160,25,35,18.4
deathclaw:alpha,Альфа-коготь смерти,true,A,80,Хвост,impact,Силовая,170,4,5,bludgeoning:100%,11,2,95,D,Кожаная броня,250,154,154,24,1,5,2.6
deathclaw:alpha,Альфа-коготь смерти,true,A,80,Хвост,impact,Силовая,170,4,5,bludgeoning:100%,11,2,95,C,Боевая броня,650,94,94,116,1,7,3.7
deathclaw:alpha,Альфа-коготь смерти,true,A,80,Хвост,impact,Силовая,170,4,5,bludgeoning:100%,11,2,95,B,"Боевая броня, усиленная",1011,38,38,200,1,8,4.2
deathclaw:alpha,Альфа-коготь смерти,true,A,80,Хвост,impact,Силовая,170,4,5,bludgeoning:100%,11,2,95,A,Силовая броня T-60,3400,0,0,256,14,18,9.5
deathclaw:alpha,Альфа-коготь смерти,true,A,80,Хвост,impact,Силовая,170,4,5,bludgeoning:100%,11,2,95,S,Силовая броня T-65,4800,0,0,256,19,23,12.1
deathclaw:alpha-hunter,Альфа-охотник,true,S,84,Когти,rend,Рубящая,230,4,31,slashing:100%,13,2,95,D,Кожаная броня,250,230,230,0,1,3,1.6
deathclaw:alpha-hunter,Альфа-охотник,true,S,84,Когти,rend,Рубящая,230,4,31,slashing:100%,13,2,95,C,Боевая броня,650,230,230,0,1,3,1.6
deathclaw:alpha-hunter,Альфа-охотник,true,S,84,Когти,rend,Рубящая,230,4,31,slashing:100%,13,2,95,B,"Боевая броня, усиленная",1011,182,182,48,1,4,2.1
deathclaw:alpha-hunter,Альфа-охотник,true,S,84,Когти,rend,Рубящая,230,4,31,slashing:100%,13,2,95,A,Силовая броня T-60,3400,0,0,230,16,18,9.5
deathclaw:alpha-hunter,Альфа-охотник,true,S,84,Когти,rend,Рубящая,230,4,31,slashing:100%,13,2,95,S,Силовая броня T-65,4800,0,0,230,22,24,12.6
deathclaw:alpha-hunter,Альфа-охотник,true,S,84,Укус,puncture,Пробивная,165,3,152,piercing:100%,13,2,95,D,Кожаная броня,250,165,165,0,1,5,2.6
deathclaw:alpha-hunter,Альфа-охотник,true,S,84,Укус,puncture,Пробивная,165,3,152,piercing:100%,13,2,95,C,Боевая броня,650,165,165,0,1,5,2.6
deathclaw:alpha-hunter,Альфа-охотник,true,S,84,Укус,puncture,Пробивная,165,3,152,piercing:100%,13,2,95,B,"Боевая броня, усиленная",1011,165,165,0,1,5,2.6
deathclaw:alpha-hunter,Альфа-охотник,true,S,84,Укус,puncture,Пробивная,165,3,152,piercing:100%,13,2,95,A,Силовая броня T-60,3400,0,0,165,9,17,8.9
deathclaw:alpha-hunter,Альфа-охотник,true,S,84,Укус,puncture,Пробивная,165,3,152,piercing:100%,13,2,95,S,Силовая броня T-65,4800,0,0,165,24,34,17.9
deathclaw:alpha-hunter,Альфа-охотник,true,S,84,Хвост,impact,Силовая,180,4,5,bludgeoning:100%,13,2,95,D,Кожаная броня,250,164,164,24,1,5,2.6
deathclaw:alpha-hunter,Альфа-охотник,true,S,84,Хвост,impact,Силовая,180,4,5,bludgeoning:100%,13,2,95,C,Боевая броня,650,104,104,116,1,6,3.2
deathclaw:alpha-hunter,Альфа-охотник,true,S,84,Хвост,impact,Силовая,180,4,5,bludgeoning:100%,13,2,95,B,"Боевая броня, усиленная",1011,48,48,200,1,8,4.2
deathclaw:alpha-hunter,Альфа-охотник,true,S,84,Хвост,impact,Силовая,180,4,5,bludgeoning:100%,13,2,95,A,Силовая броня T-60,3400,0,0,272,13,17,8.9
deathclaw:alpha-hunter,Альфа-охотник,true,S,84,Хвост,impact,Силовая,180,4,5,bludgeoning:100%,13,2,95,S,Силовая броня T-65,4800,0,0,272,18,22,11.6
deathclaw:albino,Коготь смерти-альбинос,true,A,80,Когти,rend,Рубящая,210,4,27,slashing:100%,12,2,95,D,Кожаная броня,250,210,210,0,1,4,2.1
deathclaw:albino,Коготь смерти-альбинос,true,A,80,Когти,rend,Рубящая,210,4,27,slashing:100%,12,2,95,C,Боевая броня,650,210,210,0,1,4,2.1
deathclaw:albino,Коготь смерти-альбинос,true,A,80,Когти,rend,Рубящая,210,4,27,slashing:100%,12,2,95,B,"Боевая броня, усиленная",1011,146,146,64,1,5,2.6
deathclaw:albino,Коготь смерти-альбинос,true,A,80,Когти,rend,Рубящая,210,4,27,slashing:100%,12,2,95,A,Силовая броня T-60,3400,0,0,210,17,20,10.5
deathclaw:albino,Коготь смерти-альбинос,true,A,80,Когти,rend,Рубящая,210,4,27,slashing:100%,12,2,95,S,Силовая броня T-65,4800,0,0,210,24,27,14.2
deathclaw:albino,Коготь смерти-альбинос,true,A,80,Укус,puncture,Пробивная,150,2,134,piercing:100%,12,2,95,D,Кожаная броня,250,150,150,0,1,5,2.6
deathclaw:albino,Коготь смерти-альбинос,true,A,80,Укус,puncture,Пробивная,150,2,134,piercing:100%,12,2,95,C,Боевая броня,650,150,150,0,1,5,2.6
deathclaw:albino,Коготь смерти-альбинос,true,A,80,Укус,puncture,Пробивная,150,2,134,piercing:100%,12,2,95,B,"Боевая броня, усиленная",1011,150,150,0,1,5,2.6
deathclaw:albino,Коготь смерти-альбинос,true,A,80,Укус,puncture,Пробивная,150,2,134,piercing:100%,12,2,95,A,Силовая броня T-60,3400,0,0,150,6,20,10.5
deathclaw:albino,Коготь смерти-альбинос,true,A,80,Укус,puncture,Пробивная,150,2,134,piercing:100%,12,2,95,S,Силовая броня T-65,4800,0,0,150,27,37,19.5
deathclaw:albino,Коготь смерти-альбинос,true,A,80,Хвост,impact,Силовая,165,3,5,bludgeoning:100%,12,2,95,D,Кожаная броня,250,153,153,18,1,5,2.6
deathclaw:albino,Коготь смерти-альбинос,true,A,80,Хвост,impact,Силовая,165,3,5,bludgeoning:100%,12,2,95,C,Боевая броня,650,108,108,87,1,6,3.2
deathclaw:albino,Коготь смерти-альбинос,true,A,80,Хвост,impact,Силовая,165,3,5,bludgeoning:100%,12,2,95,B,"Боевая броня, усиленная",1011,66,66,150,1,8,4.2
deathclaw:albino,Коготь смерти-альбинос,true,A,80,Хвост,impact,Силовая,165,3,5,bludgeoning:100%,12,2,95,A,Силовая броня T-60,3400,0,0,249,14,18,9.5
deathclaw:albino,Коготь смерти-альбинос,true,A,80,Хвост,impact,Силовая,165,3,5,bludgeoning:100%,12,2,95,S,Силовая броня T-65,4800,0,0,249,20,24,12.6
deathclaw:albino-alpha,Альфа-альбинос,true,S,90,Когти,rend,Рубящая,280,5,36,slashing:100%,13,2,95,D,Кожаная броня,250,280,280,0,1,3,1.6
deathclaw:albino-alpha,Альфа-альбинос,true,S,90,Когти,rend,Рубящая,280,5,36,slashing:100%,13,2,95,C,Боевая броня,650,280,280,0,1,3,1.6
deathclaw:albino-alpha,Альфа-альбинос,true,S,90,Когти,rend,Рубящая,280,5,36,slashing:100%,13,2,95,B,"Боевая броня, усиленная",1011,245,245,35,1,3,1.6
deathclaw:albino-alpha,Альфа-альбинос,true,S,90,Когти,rend,Рубящая,280,5,36,slashing:100%,13,2,95,A,Силовая броня T-60,3400,0,0,280,13,15,7.9
deathclaw:albino-alpha,Альфа-альбинос,true,S,90,Когти,rend,Рубящая,280,5,36,slashing:100%,13,2,95,S,Силовая броня T-65,4800,0,0,280,18,20,10.5
deathclaw:albino-alpha,Альфа-альбинос,true,S,90,Укус,puncture,Пробивная,200,3,180,piercing:100%,13,2,95,D,Кожаная броня,250,200,200,0,1,4,2.1
deathclaw:albino-alpha,Альфа-альбинос,true,S,90,Укус,puncture,Пробивная,200,3,180,piercing:100%,13,2,95,C,Боевая броня,650,200,200,0,1,4,2.1
deathclaw:albino-alpha,Альфа-альбинос,true,S,90,Укус,puncture,Пробивная,200,3,180,piercing:100%,13,2,95,B,"Боевая броня, усиленная",1011,200,200,0,1,4,2.1
deathclaw:albino-alpha,Альфа-альбинос,true,S,90,Укус,puncture,Пробивная,200,3,180,piercing:100%,13,2,95,A,Силовая броня T-60,3400,50,50,150,1,9,4.7
deathclaw:albino-alpha,Альфа-альбинос,true,S,90,Укус,puncture,Пробивная,200,3,180,piercing:100%,13,2,95,S,Силовая броня T-65,4800,0,0,200,15,24,12.6
deathclaw:albino-alpha,Альфа-альбинос,true,S,90,Хвост,impact,Силовая,220,4,6,bludgeoning:100%,13,2,95,D,Кожаная броня,250,208,208,20,1,4,2.1
deathclaw:albino-alpha,Альфа-альбинос,true,S,90,Хвост,impact,Силовая,220,4,6,bludgeoning:100%,13,2,95,C,Боевая броня,650,148,148,108,1,5,2.6
deathclaw:albino-alpha,Альфа-альбинос,true,S,90,Хвост,impact,Силовая,220,4,6,bludgeoning:100%,13,2,95,B,"Боевая броня, усиленная",1011,92,92,192,1,6,3.2
deathclaw:albino-alpha,Альфа-альбинос,true,S,90,Хвост,impact,Силовая,220,4,6,bludgeoning:100%,13,2,95,A,Силовая броня T-60,3400,0,0,332,11,14,7.4
deathclaw:albino-alpha,Альфа-альбинос,true,S,90,Хвост,impact,Силовая,220,4,6,bludgeoning:100%,13,2,95,S,Силовая броня T-65,4800,0,0,332,15,18,9.5
deathclaw:chameleon,Коготь смерти-хамелеон,true,A,76,Когти,rend,Рубящая,185,4,23,slashing:100%,13,2,95,D,Кожаная броня,250,185,185,0,1,4,2.1
deathclaw:chameleon,Коготь смерти-хамелеон,true,A,76,Когти,rend,Рубящая,185,4,23,slashing:100%,13,2,95,C,Боевая броня,650,169,169,16,1,4,2.1
deathclaw:chameleon,Коготь смерти-хамелеон,true,A,76,Когти,rend,Рубящая,185,4,23,slashing:100%,13,2,95,B,"Боевая броня, усиленная",1011,105,105,80,1,6,3.2
deathclaw:chameleon,Коготь смерти-хамелеон,true,A,76,Когти,rend,Рубящая,185,4,23,slashing:100%,13,2,95,A,Силовая броня T-60,3400,0,0,185,19,23,12.1
deathclaw:chameleon,Коготь смерти-хамелеон,true,A,76,Когти,rend,Рубящая,185,4,23,slashing:100%,13,2,95,S,Силовая броня T-65,4800,0,0,185,27,30,15.8
deathclaw:chameleon,Коготь смерти-хамелеон,true,A,76,Укус,puncture,Пробивная,135,2,114,piercing:100%,13,2,95,D,Кожаная броня,250,135,135,0,1,5,2.6
deathclaw:chameleon,Коготь смерти-хамелеон,true,A,76,Укус,puncture,Пробивная,135,2,114,piercing:100%,13,2,95,C,Боевая броня,650,135,135,0,1,5,2.6
deathclaw:chameleon,Коготь смерти-хамелеон,true,A,76,Укус,puncture,Пробивная,135,2,114,piercing:100%,13,2,95,B,"Боевая броня, усиленная",1011,135,135,0,1,5,2.6
deathclaw:chameleon,Коготь смерти-хамелеон,true,A,76,Укус,puncture,Пробивная,135,2,114,piercing:100%,13,2,95,A,Силовая броня T-60,3400,0,0,135,16,27,14.2
deathclaw:chameleon,Коготь смерти-хамелеон,true,A,76,Укус,puncture,Пробивная,135,2,114,piercing:100%,13,2,95,S,Силовая броня T-65,4800,0,0,135,37,41,21.6
deathclaw:chameleon,Коготь смерти-хамелеон,true,A,76,Хвост,impact,Силовая,145,3,4,bludgeoning:100%,13,2,95,D,Кожаная броня,250,130,130,24,1,6,3.2
deathclaw:chameleon,Коготь смерти-хамелеон,true,A,76,Хвост,impact,Силовая,145,3,4,bludgeoning:100%,13,2,95,C,Боевая броня,650,85,85,90,1,7,3.7
deathclaw:chameleon,Коготь смерти-хамелеон,true,A,76,Хвост,impact,Силовая,145,3,4,bludgeoning:100%,13,2,95,B,"Боевая броня, усиленная",1011,43,43,153,1,10,5.3
deathclaw:chameleon,Коготь смерти-хамелеон,true,A,76,Хвост,impact,Силовая,145,3,4,bludgeoning:100%,13,2,95,A,Силовая броня T-60,3400,0,0,218,16,21,11.1
deathclaw:chameleon,Коготь смерти-хамелеон,true,A,76,Хвост,impact,Силовая,145,3,4,bludgeoning:100%,13,2,95,S,Силовая броня T-65,4800,0,0,218,23,27,14.2
deathclaw:glowing,Светящийся коготь смерти,true,A,82,Когти,rend,Рубящая,220,4,27,slashing:75% + radiation:25%,12,2,95,D,Кожаная броня,250,164,164,0,1,5,2.6
deathclaw:glowing,Светящийся коготь смерти,true,A,82,Когти,rend,Рубящая,220,4,27,slashing:75% + radiation:25%,12,2,95,C,Боевая броня,650,164,164,0,1,5,2.6
deathclaw:glowing,Светящийся коготь смерти,true,A,82,Когти,rend,Рубящая,220,4,27,slashing:75% + radiation:25%,12,2,95,B,"Боевая броня, усиленная",1011,100,100,64,1,7,3.7
deathclaw:glowing,Светящийся коготь смерти,true,A,82,Когти,rend,Рубящая,220,4,27,slashing:75% + radiation:25%,12,2,95,A,Силовая броня T-60,3400,0,0,220,16,20,10.5
deathclaw:glowing,Светящийся коготь смерти,true,A,82,Когти,rend,Рубящая,220,4,27,slashing:75% + radiation:25%,12,2,95,S,Силовая броня T-65,4800,0,0,220,23,27,14.2
deathclaw:glowing,Светящийся коготь смерти,true,A,82,Укус,puncture,Пробивная,160,2,134,piercing:100%,12,2,95,D,Кожаная броня,250,160,160,0,1,5,2.6
deathclaw:glowing,Светящийся коготь смерти,true,A,82,Укус,puncture,Пробивная,160,2,134,piercing:100%,12,2,95,C,Боевая броня,650,160,160,0,1,5,2.6
deathclaw:glowing,Светящийся коготь смерти,true,A,82,Укус,puncture,Пробивная,160,2,134,piercing:100%,12,2,95,B,"Боевая броня, усиленная",1011,160,160,0,1,5,2.6
deathclaw:glowing,Светящийся коготь смерти,true,A,82,Укус,puncture,Пробивная,160,2,134,piercing:100%,12,2,95,A,Силовая броня T-60,3400,0,0,160,5,18,9.5
deathclaw:glowing,Светящийся коготь смерти,true,A,82,Укус,puncture,Пробивная,160,2,134,piercing:100%,12,2,95,S,Силовая броня T-65,4800,0,0,160,25,35,18.4
deathclaw:glowing,Светящийся коготь смерти,true,A,82,Хвост,impact,Силовая,170,4,5,bludgeoning:100%,12,2,95,D,Кожаная броня,250,154,154,24,1,5,2.6
deathclaw:glowing,Светящийся коготь смерти,true,A,82,Хвост,impact,Силовая,170,4,5,bludgeoning:100%,12,2,95,C,Боевая броня,650,94,94,116,1,7,3.7
deathclaw:glowing,Светящийся коготь смерти,true,A,82,Хвост,impact,Силовая,170,4,5,bludgeoning:100%,12,2,95,B,"Боевая броня, усиленная",1011,38,38,200,1,8,4.2
deathclaw:glowing,Светящийся коготь смерти,true,A,82,Хвост,impact,Силовая,170,4,5,bludgeoning:100%,12,2,95,A,Силовая броня T-60,3400,0,0,256,14,18,9.5
deathclaw:glowing,Светящийся коготь смерти,true,A,82,Хвост,impact,Силовая,170,4,5,bludgeoning:100%,12,2,95,S,Силовая броня T-65,4800,0,0,256,19,23,12.1
deathclaw:enclave,Коготь смерти Анклава,true,A,78,Когти,rend,Рубящая,205,4,26,slashing:100%,12,2,95,D,Кожаная броня,250,205,205,0,1,4,2.1
deathclaw:enclave,Коготь смерти Анклава,true,A,78,Когти,rend,Рубящая,205,4,26,slashing:100%,12,2,95,C,Боевая броня,650,201,201,4,1,4,2.1
deathclaw:enclave,Коготь смерти Анклава,true,A,78,Когти,rend,Рубящая,205,4,26,slashing:100%,12,2,95,B,"Боевая броня, усиленная",1011,137,137,68,1,5,2.6
deathclaw:enclave,Коготь смерти Анклава,true,A,78,Когти,rend,Рубящая,205,4,26,slashing:100%,12,2,95,A,Силовая броня T-60,3400,0,0,205,17,21,11.1
deathclaw:enclave,Коготь смерти Анклава,true,A,78,Когти,rend,Рубящая,205,4,26,slashing:100%,12,2,95,S,Силовая броня T-65,4800,0,0,205,24,27,14.2
deathclaw:enclave,Коготь смерти Анклава,true,A,78,Укус,puncture,Пробивная,150,2,131,piercing:100%,12,2,95,D,Кожаная броня,250,150,150,0,1,5,2.6
deathclaw:enclave,Коготь смерти Анклава,true,A,78,Укус,puncture,Пробивная,150,2,131,piercing:100%,12,2,95,C,Боевая броня,650,150,150,0,1,5,2.6
deathclaw:enclave,Коготь смерти Анклава,true,A,78,Укус,puncture,Пробивная,150,2,131,piercing:100%,12,2,95,B,"Боевая броня, усиленная",1011,150,150,0,1,5,2.6
deathclaw:enclave,Коготь смерти Анклава,true,A,78,Укус,puncture,Пробивная,150,2,131,piercing:100%,12,2,95,A,Силовая броня T-60,3400,0,0,150,10,21,11.1
deathclaw:enclave,Коготь смерти Анклава,true,A,78,Укус,puncture,Пробивная,150,2,131,piercing:100%,12,2,95,S,Силовая броня T-65,4800,0,0,150,27,37,19.5
deathclaw:enclave,Коготь смерти Анклава,true,A,78,Хвост,impact,Силовая,160,3,4,bludgeoning:100%,12,2,95,D,Кожаная броня,250,145,145,24,1,5,2.6
deathclaw:enclave,Коготь смерти Анклава,true,A,78,Хвост,impact,Силовая,160,3,4,bludgeoning:100%,12,2,95,C,Боевая броня,650,100,100,90,1,7,3.7
deathclaw:enclave,Коготь смерти Анклава,true,A,78,Хвост,impact,Силовая,160,3,4,bludgeoning:100%,12,2,95,B,"Боевая броня, усиленная",1011,58,58,153,1,9,4.7
deathclaw:enclave,Коготь смерти Анклава,true,A,78,Хвост,impact,Силовая,160,3,4,bludgeoning:100%,12,2,95,A,Силовая броня T-60,3400,0,0,241,15,19,10
deathclaw:enclave,Коготь смерти Анклава,true,A,78,Хвост,impact,Силовая,160,3,4,bludgeoning:100%,12,2,95,S,Силовая броня T-65,4800,0,0,241,21,25,13.2
deathclaw:legendary,Легендарный коготь смерти,true,S,92,Когти,rend,Рубящая,300,5,39,slashing:100%,13,2,95,D,Кожаная броня,250,300,300,0,1,3,1.6
deathclaw:legendary,Легендарный коготь смерти,true,S,92,Когти,rend,Рубящая,300,5,39,slashing:100%,13,2,95,C,Боевая броня,650,300,300,0,1,3,1.6
deathclaw:legendary,Легендарный коготь смерти,true,S,92,Когти,rend,Рубящая,300,5,39,slashing:100%,13,2,95,B,"Боевая броня, усиленная",1011,280,280,20,1,3,1.6
deathclaw:legendary,Легендарный коготь смерти,true,S,92,Когти,rend,Рубящая,300,5,39,slashing:100%,13,2,95,A,Силовая броня T-60,3400,0,0,300,12,14,7.4
deathclaw:legendary,Легендарный коготь смерти,true,S,92,Когти,rend,Рубящая,300,5,39,slashing:100%,13,2,95,S,Силовая броня T-65,4800,0,0,300,17,19,10
deathclaw:legendary,Легендарный коготь смерти,true,S,92,Укус,puncture,Пробивная,215,3,194,piercing:100%,13,2,95,D,Кожаная броня,250,215,215,0,1,4,2.1
deathclaw:legendary,Легендарный коготь смерти,true,S,92,Укус,puncture,Пробивная,215,3,194,piercing:100%,13,2,95,C,Боевая броня,650,215,215,0,1,4,2.1
deathclaw:legendary,Легендарный коготь смерти,true,S,92,Укус,puncture,Пробивная,215,3,194,piercing:100%,13,2,95,B,"Боевая броня, усиленная",1011,215,215,0,1,4,2.1
deathclaw:legendary,Легендарный коготь смерти,true,S,92,Укус,puncture,Пробивная,215,3,194,piercing:100%,13,2,95,A,Силовая броня T-60,3400,107,107,108,1,7,3.7
deathclaw:legendary,Легендарный коготь смерти,true,S,92,Укус,puncture,Пробивная,215,3,194,piercing:100%,13,2,95,S,Силовая броня T-65,4800,0,0,215,14,22,11.6
deathclaw:legendary,Легендарный коготь смерти,true,S,92,Хвост,impact,Силовая,235,5,7,bludgeoning:100%,13,2,95,D,Кожаная броня,250,225,225,15,1,3,1.6
deathclaw:legendary,Легендарный коготь смерти,true,S,92,Хвост,impact,Силовая,235,5,7,bludgeoning:100%,13,2,95,C,Боевая броня,650,150,150,130,1,5,2.6
deathclaw:legendary,Легендарный коготь смерти,true,S,92,Хвост,impact,Силовая,235,5,7,bludgeoning:100%,13,2,95,B,"Боевая броня, усиленная",1011,80,80,235,1,6,3.2
deathclaw:legendary,Легендарный коготь смерти,true,S,92,Хвост,impact,Силовая,235,5,7,bludgeoning:100%,13,2,95,A,Силовая броня T-60,3400,0,0,355,10,13,6.8
deathclaw:legendary,Легендарный коготь смерти,true,S,92,Хвост,impact,Силовая,235,5,7,bludgeoning:100%,13,2,95,S,Силовая броня T-65,4800,0,0,355,14,17,8.9
deathclaw:matriarch,Матка когтей смерти,true,S,95,Когти,rend,Рубящая,320,6,42,slashing:100%,13,2,95,D,Кожаная броня,250,320,320,0,1,3,1.6
deathclaw:matriarch,Матка когтей смерти,true,S,95,Когти,rend,Рубящая,320,6,42,slashing:100%,13,2,95,C,Боевая броня,650,320,320,0,1,3,1.6
deathclaw:matriarch,Матка когтей смерти,true,S,95,Когти,rend,Рубящая,320,6,42,slashing:100%,13,2,95,B,"Боевая броня, усиленная",1011,314,314,6,1,3,1.6
deathclaw:matriarch,Матка когтей смерти,true,S,95,Когти,rend,Рубящая,320,6,42,slashing:100%,13,2,95,A,Силовая броня T-60,3400,0,0,320,11,13,6.8
deathclaw:matriarch,Матка когтей смерти,true,S,95,Когти,rend,Рубящая,320,6,42,slashing:100%,13,2,95,S,Силовая броня T-65,4800,0,0,320,16,18,9.5
deathclaw:matriarch,Матка когтей смерти,true,S,95,Укус,puncture,Пробивная,230,3,208,piercing:100%,13,2,95,D,Кожаная броня,250,230,230,0,1,3,1.6
deathclaw:matriarch,Матка когтей смерти,true,S,95,Укус,puncture,Пробивная,230,3,208,piercing:100%,13,2,95,C,Боевая броня,650,230,230,0,1,3,1.6
deathclaw:matriarch,Матка когтей смерти,true,S,95,Укус,puncture,Пробивная,230,3,208,piercing:100%,13,2,95,B,"Боевая броня, усиленная",1011,230,230,0,1,3,1.6
deathclaw:matriarch,Матка когтей смерти,true,S,95,Укус,puncture,Пробивная,230,3,208,piercing:100%,13,2,95,A,Силовая броня T-60,3400,164,164,66,1,5,2.6
deathclaw:matriarch,Матка когтей смерти,true,S,95,Укус,puncture,Пробивная,230,3,208,piercing:100%,13,2,95,S,Силовая броня T-65,4800,0,0,230,9,17,8.9
deathclaw:matriarch,Матка когтей смерти,true,S,95,Хвост,impact,Силовая,250,5,7,bludgeoning:100%,13,2,95,D,Кожаная броня,250,240,240,15,1,3,1.6
deathclaw:matriarch,Матка когтей смерти,true,S,95,Хвост,impact,Силовая,250,5,7,bludgeoning:100%,13,2,95,C,Боевая броня,650,165,165,130,1,4,2.1
deathclaw:matriarch,Матка когтей смерти,true,S,95,Хвост,impact,Силовая,250,5,7,bludgeoning:100%,13,2,95,B,"Боевая броня, усиленная",1011,95,95,235,1,6,3.2
deathclaw:matriarch,Матка когтей смерти,true,S,95,Хвост,impact,Силовая,250,5,7,bludgeoning:100%,13,2,95,A,Силовая броня T-60,3400,0,0,375,10,12,6.3
deathclaw:matriarch,Матка когтей смерти,true,S,95,Хвост,impact,Силовая,250,5,7,bludgeoning:100%,13,2,95,S,Силовая броня T-65,4800,0,0,375,13,16,8.4
deathclaw:blood-alpha,Кровавый альфа-коготь,true,S,98,Когти,rend,Рубящая,350,6,44,slashing:100%,14,2,95,D,Кожаная броня,250,350,350,0,1,2,1.1
deathclaw:blood-alpha,Кровавый альфа-коготь,true,S,98,Когти,rend,Рубящая,350,6,44,slashing:100%,14,2,95,C,Боевая броня,650,350,350,0,1,2,1.1
deathclaw:blood-alpha,Кровавый альфа-коготь,true,S,98,Когти,rend,Рубящая,350,6,44,slashing:100%,14,2,95,B,"Боевая броня, усиленная",1011,350,350,0,1,2,1.1
deathclaw:blood-alpha,Кровавый альфа-коготь,true,S,98,Когти,rend,Рубящая,350,6,44,slashing:100%,14,2,95,A,Силовая броня T-60,3400,0,0,350,10,12,6.3
deathclaw:blood-alpha,Кровавый альфа-коготь,true,S,98,Когти,rend,Рубящая,350,6,44,slashing:100%,14,2,95,S,Силовая броня T-65,4800,0,0,350,14,16,8.4
deathclaw:blood-alpha,Кровавый альфа-коготь,true,S,98,Укус,puncture,Пробивная,250,4,222,piercing:100%,14,2,95,D,Кожаная броня,250,250,250,0,1,3,1.6
deathclaw:blood-alpha,Кровавый альфа-коготь,true,S,98,Укус,puncture,Пробивная,250,4,222,piercing:100%,14,2,95,C,Боевая броня,650,250,250,0,1,3,1.6
deathclaw:blood-alpha,Кровавый альфа-коготь,true,S,98,Укус,puncture,Пробивная,250,4,222,piercing:100%,14,2,95,B,"Боевая броня, усиленная",1011,250,250,0,1,3,1.6
deathclaw:blood-alpha,Кровавый альфа-коготь,true,S,98,Укус,puncture,Пробивная,250,4,222,piercing:100%,14,2,95,A,Силовая броня T-60,3400,218,218,32,1,4,2.1
deathclaw:blood-alpha,Кровавый альфа-коготь,true,S,98,Укус,puncture,Пробивная,250,4,222,piercing:100%,14,2,95,S,Силовая броня T-65,4800,0,0,250,8,15,7.9
deathclaw:blood-alpha,Кровавый альфа-коготь,true,S,98,Хвост,impact,Силовая,275,5,8,bludgeoning:100%,14,2,95,D,Кожаная броня,250,270,270,10,1,3,1.6
deathclaw:blood-alpha,Кровавый альфа-коготь,true,S,98,Хвост,impact,Силовая,275,5,8,bludgeoning:100%,14,2,95,C,Боевая броня,650,195,195,120,1,4,2.1
deathclaw:blood-alpha,Кровавый альфа-коготь,true,S,98,Хвост,impact,Силовая,275,5,8,bludgeoning:100%,14,2,95,B,"Боевая броня, усиленная",1011,125,125,225,1,5,2.6
deathclaw:blood-alpha,Кровавый альфа-коготь,true,S,98,Хвост,impact,Силовая,275,5,8,bludgeoning:100%,14,2,95,A,Силовая броня T-60,3400,0,0,415,9,11,5.8
deathclaw:blood-alpha,Кровавый альфа-коготь,true,S,98,Хвост,impact,Силовая,275,5,8,bludgeoning:100%,14,2,95,S,Силовая броня T-65,4800,0,0,415,12,15,7.9
deathclaw:mythic,Мифический коготь смерти,true,S,100,Когти,rend,Рубящая,400,7,50,slashing:100%,15,2,95,D,Кожаная броня,250,400,400,0,1,2,1.1
deathclaw:mythic,Мифический коготь смерти,true,S,100,Когти,rend,Рубящая,400,7,50,slashing:100%,15,2,95,C,Боевая броня,650,400,400,0,1,2,1.1
deathclaw:mythic,Мифический коготь смерти,true,S,100,Когти,rend,Рубящая,400,7,50,slashing:100%,15,2,95,B,"Боевая броня, усиленная",1011,400,400,0,1,2,1.1
deathclaw:mythic,Мифический коготь смерти,true,S,100,Когти,rend,Рубящая,400,7,50,slashing:100%,15,2,95,A,Силовая броня T-60,3400,0,0,400,9,11,5.8
deathclaw:mythic,Мифический коготь смерти,true,S,100,Когти,rend,Рубящая,400,7,50,slashing:100%,15,2,95,S,Силовая броня T-65,4800,0,0,400,13,14,7.4
deathclaw:mythic,Мифический коготь смерти,true,S,100,Укус,puncture,Пробивная,290,4,250,piercing:100%,15,2,95,D,Кожаная броня,250,290,290,0,1,3,1.6
deathclaw:mythic,Мифический коготь смерти,true,S,100,Укус,puncture,Пробивная,290,4,250,piercing:100%,15,2,95,C,Боевая броня,650,290,290,0,1,3,1.6
deathclaw:mythic,Мифический коготь смерти,true,S,100,Укус,puncture,Пробивная,290,4,250,piercing:100%,15,2,95,B,"Боевая броня, усиленная",1011,290,290,0,1,3,1.6
deathclaw:mythic,Мифический коготь смерти,true,S,100,Укус,puncture,Пробивная,290,4,250,piercing:100%,15,2,95,A,Силовая броня T-60,3400,290,290,0,1,3,1.6
deathclaw:mythic,Мифический коготь смерти,true,S,100,Укус,puncture,Пробивная,290,4,250,piercing:100%,15,2,95,S,Силовая броня T-65,4800,0,0,290,4,10,5.3
deathclaw:mythic,Мифический коготь смерти,true,S,100,Хвост,impact,Силовая,310,6,9,bludgeoning:100%,15,2,95,D,Кожаная броня,250,310,310,0,1,3,1.6
deathclaw:mythic,Мифический коготь смерти,true,S,100,Хвост,impact,Силовая,310,6,9,bludgeoning:100%,15,2,95,C,Боевая броня,650,220,220,138,1,3,1.6
deathclaw:mythic,Мифический коготь смерти,true,S,100,Хвост,impact,Силовая,310,6,9,bludgeoning:100%,15,2,95,B,"Боевая броня, усиленная",1011,140,140,258,1,4,2.1
deathclaw:mythic,Мифический коготь смерти,true,S,100,Хвост,impact,Силовая,310,6,9,bludgeoning:100%,15,2,95,A,Силовая броня T-60,3400,0,0,466,8,10,5.3
deathclaw:mythic,Мифический коготь смерти,true,S,100,Хвост,impact,Силовая,310,6,9,bludgeoning:100%,15,2,95,S,Силовая броня T-65,4800,0,0,466,11,13,6.8
deathclaw:giant-glowing,Гигантский светящийся коготь,true,S,100,Когти,rend,Рубящая,420,7,47,slashing:75% + radiation:25%,14,2,95,D,Кожаная броня,250,315,315,0,1,3,1.6
deathclaw:giant-glowing,Гигантский светящийся коготь,true,S,100,Когти,rend,Рубящая,420,7,47,slashing:75% + radiation:25%,14,2,95,C,Боевая броня,650,315,315,0,1,3,1.6
deathclaw:giant-glowing,Гигантский светящийся коготь,true,S,100,Когти,rend,Рубящая,420,7,47,slashing:75% + radiation:25%,14,2,95,B,"Боевая броня, усиленная",1011,315,315,0,1,3,1.6
deathclaw:giant-glowing,Гигантский светящийся коготь,true,S,100,Когти,rend,Рубящая,420,7,47,slashing:75% + radiation:25%,14,2,95,A,Силовая броня T-60,3400,0,0,420,9,11,5.8
deathclaw:giant-glowing,Гигантский светящийся коготь,true,S,100,Когти,rend,Рубящая,420,7,47,slashing:75% + radiation:25%,14,2,95,S,Силовая броня T-65,4800,0,0,420,12,14,7.4
deathclaw:giant-glowing,Гигантский светящийся коготь,true,S,100,Укус,puncture,Пробивная,300,4,236,piercing:100%,14,2,95,D,Кожаная броня,250,300,300,0,1,3,1.6
deathclaw:giant-glowing,Гигантский светящийся коготь,true,S,100,Укус,puncture,Пробивная,300,4,236,piercing:100%,14,2,95,C,Боевая броня,650,300,300,0,1,3,1.6
deathclaw:giant-glowing,Гигантский светящийся коготь,true,S,100,Укус,puncture,Пробивная,300,4,236,piercing:100%,14,2,95,B,"Боевая броня, усиленная",1011,300,300,0,1,3,1.6
deathclaw:giant-glowing,Гигантский светящийся коготь,true,S,100,Укус,puncture,Пробивная,300,4,236,piercing:100%,14,2,95,A,Силовая броня T-60,3400,300,300,0,1,3,1.6
deathclaw:giant-glowing,Гигантский светящийся коготь,true,S,100,Укус,puncture,Пробивная,300,4,236,piercing:100%,14,2,95,S,Силовая броня T-65,4800,0,0,300,4,11,5.8
deathclaw:giant-glowing,Гигантский светящийся коготь,true,S,100,Хвост,impact,Силовая,330,6,8,bludgeoning:100%,14,2,95,D,Кожаная броня,250,324,324,12,1,3,1.6
deathclaw:giant-glowing,Гигантский светящийся коготь,true,S,100,Хвост,impact,Силовая,330,6,8,bludgeoning:100%,14,2,95,C,Боевая броня,650,234,234,144,1,3,1.6
deathclaw:giant-glowing,Гигантский светящийся коготь,true,S,100,Хвост,impact,Силовая,330,6,8,bludgeoning:100%,14,2,95,B,"Боевая броня, усиленная",1011,154,154,264,1,4,2.1
deathclaw:giant-glowing,Гигантский светящийся коготь,true,S,100,Хвост,impact,Силовая,330,6,8,bludgeoning:100%,14,2,95,A,Силовая броня T-60,3400,0,0,498,7,9,4.7
deathclaw:giant-glowing,Гигантский светящийся коготь,true,S,100,Хвост,impact,Силовая,330,6,8,bludgeoning:100%,14,2,95,S,Силовая броня T-65,4800,0,0,498,10,12,6.3
mutant-hound:ordinary,Гончая-мутант,true,C,24,Укус,predatorBite,Сильный укус,50,1,15,piercing:100%,4,2,95,D,Кожаная броня,250,50,50,0,1,14,7.4
mutant-hound:ordinary,Гончая-мутант,true,C,24,Укус,predatorBite,Сильный укус,50,1,15,piercing:100%,4,2,95,C,Боевая броня,650,28,28,22,1,21,11.1
mutant-hound:ordinary,Гончая-мутант,true,C,24,Укус,predatorBite,Сильный укус,50,1,15,piercing:100%,4,2,95,B,"Боевая броня, усиленная",1011,8,8,42,1,33,17.4
mutant-hound:ordinary,Гончая-мутант,true,C,24,Укус,predatorBite,Сильный укус,50,1,15,piercing:100%,4,2,95,A,Силовая броня T-60,3400,0,0,50,69,82,43.2
mutant-hound:ordinary,Гончая-мутант,true,C,24,Укус,predatorBite,Сильный укус,50,1,15,piercing:100%,4,2,95,S,Силовая броня T-65,4800,0,0,50,97,110,57.9
mutant-hound:ordinary,Гончая-мутант,true,C,24,Наскок,impact,Силовая,35,1,0,bludgeoning:100%,7,1,95,D,Кожаная броня,250,26,26,14,1,24,25.3
mutant-hound:ordinary,Гончая-мутант,true,C,24,Наскок,impact,Силовая,35,1,0,bludgeoning:100%,7,1,95,C,Боевая броня,650,11,11,36,1,32,33.7
mutant-hound:ordinary,Гончая-мутант,true,C,24,Наскок,impact,Силовая,35,1,0,bludgeoning:100%,7,1,95,B,"Боевая броня, усиленная",1011,0,0,53,5,39,41.1
mutant-hound:ordinary,Гончая-мутант,true,C,24,Наскок,impact,Силовая,35,1,0,bludgeoning:100%,7,1,95,A,Силовая броня T-60,3400,0,0,53,66,85,89.5
mutant-hound:ordinary,Гончая-мутант,true,C,24,Наскок,impact,Силовая,35,1,0,bludgeoning:100%,7,1,95,S,Силовая броня T-65,4800,0,0,53,92,111,116.8
mutant-hound:armored,Бронированная гончая-мутант,true,B,36,Укус,predatorBite,Сильный укус,70,1,30,piercing:100%,5,2,95,D,Кожаная броня,250,70,70,0,1,10,5.3
mutant-hound:armored,Бронированная гончая-мутант,true,B,36,Укус,predatorBite,Сильный укус,70,1,30,piercing:100%,5,2,95,C,Боевая броня,650,63,63,7,1,11,5.8
mutant-hound:armored,Бронированная гончая-мутант,true,B,36,Укус,predatorBite,Сильный укус,70,1,30,piercing:100%,5,2,95,B,"Боевая броня, усиленная",1011,43,43,27,1,15,7.9
mutant-hound:armored,Бронированная гончая-мутант,true,B,36,Укус,predatorBite,Сильный укус,70,1,30,piercing:100%,5,2,95,A,Силовая броня T-60,3400,0,0,70,50,59,31.1
mutant-hound:armored,Бронированная гончая-мутант,true,B,36,Укус,predatorBite,Сильный укус,70,1,30,piercing:100%,5,2,95,S,Силовая броня T-65,4800,0,0,70,70,79,41.6
mutant-hound:armored,Бронированная гончая-мутант,true,B,36,Наскок,impact,Силовая,50,1,1,bludgeoning:100%,9,1,95,D,Кожаная броня,250,42,42,12,1,16,16.8
mutant-hound:armored,Бронированная гончая-мутант,true,B,36,Наскок,impact,Силовая,50,1,1,bludgeoning:100%,9,1,95,C,Боевая броня,650,27,27,35,1,22,23.2
mutant-hound:armored,Бронированная гончая-мутант,true,B,36,Наскок,impact,Силовая,50,1,1,bludgeoning:100%,9,1,95,B,"Боевая броня, усиленная",1011,13,13,56,1,28,29.5
mutant-hound:armored,Бронированная гончая-мутант,true,B,36,Наскок,impact,Силовая,50,1,1,bludgeoning:100%,9,1,95,A,Силовая броня T-60,3400,0,0,75,47,60,63.2
mutant-hound:armored,Бронированная гончая-мутант,true,B,36,Наскок,impact,Силовая,50,1,1,bludgeoning:100%,9,1,95,S,Силовая броня T-65,4800,0,0,75,65,78,82.1
centaur:ordinary,Кентавр,true,B,34,Язык,lash,Хлёсткая,45,1,3,bludgeoning:100%,5,2,95,D,Кожаная броня,250,39,39,9,1,17,8.9
centaur:ordinary,Кентавр,true,B,34,Язык,lash,Хлёсткая,45,1,3,bludgeoning:100%,5,2,95,C,Боевая броня,650,24,24,32,1,24,12.6
centaur:ordinary,Кентавр,true,B,34,Язык,lash,Хлёсткая,45,1,3,bludgeoning:100%,5,2,95,B,"Боевая броня, усиленная",1011,10,10,53,1,30,15.8
centaur:ordinary,Кентавр,true,B,34,Язык,lash,Хлёсткая,45,1,3,bludgeoning:100%,5,2,95,A,Силовая броня T-60,3400,0,0,68,51,65,34.2
centaur:ordinary,Кентавр,true,B,34,Язык,lash,Хлёсткая,45,1,3,bludgeoning:100%,5,2,95,S,Силовая броня T-65,4800,0,0,68,72,86,45.3
centaur:ordinary,Кентавр,true,B,34,Плевок,corrosion,Коррозия брони,40,1,6,acid:100%,5,2,95,D,Кожаная броня,250,39,39,3,1,18,9.5
centaur:ordinary,Кентавр,true,B,34,Плевок,corrosion,Коррозия брони,40,1,6,acid:100%,5,2,95,C,Боевая броня,650,23,23,51,1,23,12.1
centaur:ordinary,Кентавр,true,B,34,Плевок,corrosion,Коррозия брони,40,1,6,acid:100%,5,2,95,B,"Боевая броня, усиленная",1011,10,10,90,1,26,13.7
centaur:ordinary,Кентавр,true,B,34,Плевок,corrosion,Коррозия брони,40,1,6,acid:100%,5,2,95,A,Силовая броня T-60,3400,0,0,120,30,46,24.2
centaur:ordinary,Кентавр,true,B,34,Плевок,corrosion,Коррозия брони,40,1,6,acid:100%,5,2,95,S,Силовая броня T-65,4800,0,0,120,41,57,30
mirelurk:ordinary,Болотник,true,C,26,Клешни,shear,Захват и разрыв,45,1,3,slashing:100%,4,2,95,D,Кожаная броня,250,37,37,8,1,18,9.5
mirelurk:ordinary,Болотник,true,C,26,Клешни,shear,Захват и разрыв,45,1,3,slashing:100%,4,2,95,C,Боевая броня,650,21,21,24,1,27,14.2
mirelurk:ordinary,Болотник,true,C,26,Клешни,shear,Захват и разрыв,45,1,3,slashing:100%,4,2,95,B,"Боевая броня, усиленная",1011,5,5,40,1,38,20
mirelurk:ordinary,Болотник,true,C,26,Клешни,shear,Захват и разрыв,45,1,3,slashing:100%,4,2,95,A,Силовая броня T-60,3400,0,0,45,77,91,47.9
mirelurk:ordinary,Болотник,true,C,26,Клешни,shear,Захват и разрыв,45,1,3,slashing:100%,4,2,95,S,Силовая броня T-65,4800,0,0,45,108,122,64.2
mirelurk:ordinary,Болотник,true,C,26,Таран,impact,Силовая,40,1,0,bludgeoning:100%,7,1,95,D,Кожаная броня,250,31,31,14,1,21,22.1
mirelurk:ordinary,Болотник,true,C,26,Таран,impact,Силовая,40,1,0,bludgeoning:100%,7,1,95,C,Боевая броня,650,16,16,36,1,28,29.5
mirelurk:ordinary,Болотник,true,C,26,Таран,impact,Силовая,40,1,0,bludgeoning:100%,7,1,95,B,"Боевая броня, усиленная",1011,2,2,57,1,34,35.8
mirelurk:ordinary,Болотник,true,C,26,Таран,impact,Силовая,40,1,0,bludgeoning:100%,7,1,95,A,Силовая броня T-60,3400,0,0,60,58,74,77.9
mirelurk:ordinary,Болотник,true,C,26,Таран,impact,Силовая,40,1,0,bludgeoning:100%,7,1,95,S,Силовая броня T-65,4800,0,0,60,81,97,102.1
mirelurk:hunter,Болотник-охотник,true,B,42,Клешни,shear,Захват и разрыв,80,1,6,slashing:100%,5,2,95,D,Кожаная броня,250,75,75,5,1,9,4.7
mirelurk:hunter,Болотник-охотник,true,B,42,Клешни,shear,Захват и разрыв,80,1,6,slashing:100%,5,2,95,C,Боевая броня,650,59,59,21,1,12,6.3
mirelurk:hunter,Болотник-охотник,true,B,42,Клешни,shear,Захват и разрыв,80,1,6,slashing:100%,5,2,95,B,"Боевая броня, усиленная",1011,43,43,37,1,15,7.9
mirelurk:hunter,Болотник-охотник,true,B,42,Клешни,shear,Захват и разрыв,80,1,6,slashing:100%,5,2,95,A,Силовая броня T-60,3400,0,0,80,44,52,27.4
mirelurk:hunter,Болотник-охотник,true,B,42,Клешни,shear,Захват и разрыв,80,1,6,slashing:100%,5,2,95,S,Силовая броня T-65,4800,0,0,80,61,69,36.3
mirelurk:hunter,Болотник-охотник,true,B,42,Плевок,corrosion,Коррозия брони,55,1,8,acid:100%,5,2,95,D,Кожаная броня,250,55,55,0,1,13,6.8
mirelurk:hunter,Болотник-охотник,true,B,42,Плевок,corrosion,Коррозия брони,55,1,8,acid:100%,5,2,95,C,Боевая броня,650,40,40,45,1,16,8.4
mirelurk:hunter,Болотник-охотник,true,B,42,Плевок,corrosion,Коррозия брони,55,1,8,acid:100%,5,2,95,B,"Боевая броня, усиленная",1011,27,27,84,1,19,10
mirelurk:hunter,Болотник-охотник,true,B,42,Плевок,corrosion,Коррозия брони,55,1,8,acid:100%,5,2,95,A,Силовая броня T-60,3400,0,0,165,22,34,17.9
mirelurk:hunter,Болотник-охотник,true,B,42,Плевок,corrosion,Коррозия брони,55,1,8,acid:100%,5,2,95,S,Силовая броня T-65,4800,0,0,165,31,43,22.6
mirelurk:king,Король болотников,true,A,62,Когти,rend,Рубящая,135,3,16,slashing:100%,6,2,95,D,Кожаная броня,250,135,135,0,1,5,2.6
mirelurk:king,Король болотников,true,A,62,Когти,rend,Рубящая,135,3,16,slashing:100%,6,2,95,C,Боевая броня,650,102,102,33,1,7,3.7
mirelurk:king,Король болотников,true,A,62,Когти,rend,Рубящая,135,3,16,slashing:100%,6,2,95,B,"Боевая броня, усиленная",1011,54,54,81,1,10,5.3
mirelurk:king,Король болотников,true,A,62,Когти,rend,Рубящая,135,3,16,slashing:100%,6,2,95,A,Силовая броня T-60,3400,0,0,135,26,31,16.3
mirelurk:king,Король болотников,true,A,62,Когти,rend,Рубящая,135,3,16,slashing:100%,6,2,95,S,Силовая броня T-65,4800,0,0,135,36,41,21.6
mirelurk:king,Король болотников,true,A,62,Волна,energy,Энергетический импульс,110,2,31,energy:100%,10,1,95,D,Кожаная броня,250,110,110,0,1,7,7.4
mirelurk:king,Король болотников,true,A,62,Волна,energy,Энергетический импульс,110,2,31,energy:100%,10,1,95,C,Боевая броня,650,110,110,0,1,7,7.4
mirelurk:king,Король болотников,true,A,62,Волна,energy,Энергетический импульс,110,2,31,energy:100%,10,1,95,B,"Боевая броня, усиленная",1011,100,100,10,1,7,7.4
mirelurk:king,Король болотников,true,A,62,Волна,energy,Энергетический импульс,110,2,31,energy:100%,10,1,95,A,Силовая броня T-60,3400,0,0,110,32,38,40
mirelurk:king,Король болотников,true,A,62,Волна,energy,Энергетический импульс,110,2,31,energy:100%,10,1,95,S,Силовая броня T-65,4800,0,0,110,45,51,53.7
mirelurk:king,Король болотников,true,A,62,Таран,impact,Силовая,115,3,1,bludgeoning:100%,10,1,95,D,Кожаная броня,250,91,91,36,1,8,8.4
mirelurk:king,Король болотников,true,A,62,Таран,impact,Силовая,115,3,1,bludgeoning:100%,10,1,95,C,Боевая броня,650,46,46,105,1,10,10.5
mirelurk:king,Король болотников,true,A,62,Таран,impact,Силовая,115,3,1,bludgeoning:100%,10,1,95,B,"Боевая броня, усиленная",1011,4,4,168,1,12,12.6
mirelurk:king,Король болотников,true,A,62,Таран,impact,Силовая,115,3,1,bludgeoning:100%,10,1,95,A,Силовая броня T-60,3400,0,0,173,20,26,27.4
mirelurk:king,Король болотников,true,A,62,Таран,impact,Силовая,115,3,1,bludgeoning:100%,10,1,95,S,Силовая броня T-65,4800,0,0,173,29,34,35.8
mirelurk:queen,Матка болотников,true,S,94,Клешни,shear,Захват и разрыв,325,6,22,slashing:100%,7,2,95,D,Кожаная броня,250,325,325,0,1,3,1.6
mirelurk:queen,Матка болотников,true,S,94,Клешни,shear,Захват и разрыв,325,6,22,slashing:100%,7,2,95,C,Боевая броня,650,295,295,30,1,3,1.6
mirelurk:queen,Матка болотников,true,S,94,Клешни,shear,Захват и разрыв,325,6,22,slashing:100%,7,2,95,B,"Боевая броня, усиленная",1011,199,199,126,1,4,2.1
mirelurk:queen,Матка болотников,true,S,94,Клешни,shear,Захват и разрыв,325,6,22,slashing:100%,7,2,95,A,Силовая броня T-60,3400,0,0,325,11,13,6.8
mirelurk:queen,Матка болотников,true,S,94,Клешни,shear,Захват и разрыв,325,6,22,slashing:100%,7,2,95,S,Силовая броня T-65,4800,0,0,325,15,17,8.9
mirelurk:queen,Матка болотников,true,S,94,Плевок,corrosion,Коррозия брони,220,4,27,acid:100%,11,1,95,D,Кожаная броня,250,220,220,0,1,4,4.2
mirelurk:queen,Матка болотников,true,S,94,Плевок,corrosion,Коррозия брони,220,4,27,acid:100%,11,1,95,C,Боевая броня,650,220,220,0,1,4,4.2
mirelurk:queen,Матка болотников,true,S,94,Плевок,corrosion,Коррозия брони,220,4,27,acid:100%,11,1,95,B,"Боевая броня, усиленная",1011,184,184,108,1,4,4.2
mirelurk:queen,Матка болотников,true,S,94,Плевок,corrosion,Коррозия брони,220,4,27,acid:100%,11,1,95,A,Силовая броня T-60,3400,0,0,660,6,9,9.5
mirelurk:queen,Матка болотников,true,S,94,Плевок,corrosion,Коррозия брони,220,4,27,acid:100%,11,1,95,S,Силовая броня T-65,4800,0,0,660,8,11,11.6
mirelurk:queen,Матка болотников,true,S,94,Таран,impact,Силовая,290,6,3,bludgeoning:100%,11,1,95,D,Кожаная броня,250,254,254,54,1,3,3.2
mirelurk:queen,Матка болотников,true,S,94,Таран,impact,Силовая,290,6,3,bludgeoning:100%,11,1,95,C,Боевая броня,650,167,167,187,1,4,4.2
mirelurk:queen,Матка болотников,true,S,94,Таран,impact,Силовая,290,6,3,bludgeoning:100%,11,1,95,B,"Боевая броня, усиленная",1011,88,88,306,1,5,5.3
mirelurk:queen,Матка болотников,true,S,94,Таран,impact,Силовая,290,6,3,bludgeoning:100%,11,1,95,A,Силовая броня T-60,3400,0,0,436,8,11,11.6
mirelurk:queen,Матка болотников,true,S,94,Таран,impact,Силовая,290,6,3,bludgeoning:100%,11,1,95,S,Силовая броня T-65,4800,0,0,436,12,14,14.7
mirelurk:nukalurk,Ядерник,true,A,66,Клешни,shear,Захват и разрыв,145,3,11,slashing:75% + radiation:25%,6,2,95,D,Кожаная броня,250,109,109,0,1,7,3.7
mirelurk:nukalurk,Ядерник,true,A,66,Клешни,shear,Захват и разрыв,145,3,11,slashing:75% + radiation:25%,6,2,95,C,Боевая броня,650,61,61,48,1,10,5.3
mirelurk:nukalurk,Ядерник,true,A,66,Клешни,shear,Захват и разрыв,145,3,11,slashing:75% + radiation:25%,6,2,95,B,"Боевая броня, усиленная",1011,13,13,96,1,16,8.4
mirelurk:nukalurk,Ядерник,true,A,66,Клешни,shear,Захват и разрыв,145,3,11,slashing:75% + radiation:25%,6,2,95,A,Силовая броня T-60,3400,0,0,145,24,30,15.8
mirelurk:nukalurk,Ядерник,true,A,66,Клешни,shear,Захват и разрыв,145,3,11,slashing:75% + radiation:25%,6,2,95,S,Силовая броня T-65,4800,0,0,145,34,40,21.1
mirelurk:nukalurk,Ядерник,true,A,66,Плевок,energy,Энергетический импульс,125,2,33,energy:60% + radiation:40%,6,2,95,D,Кожаная броня,250,75,75,0,1,9,4.7
mirelurk:nukalurk,Ядерник,true,A,66,Плевок,energy,Энергетический импульс,125,2,33,energy:60% + radiation:40%,6,2,95,C,Боевая броня,650,75,75,0,1,9,4.7
mirelurk:nukalurk,Ядерник,true,A,66,Плевок,energy,Энергетический импульс,125,2,33,energy:60% + radiation:40%,6,2,95,B,"Боевая броня, усиленная",1011,69,69,6,1,10,5.3
mirelurk:nukalurk,Ядерник,true,A,66,Плевок,energy,Энергетический импульс,125,2,33,energy:60% + radiation:40%,6,2,95,A,Силовая броня T-60,3400,0,0,125,28,37,19.5
mirelurk:nukalurk,Ядерник,true,A,66,Плевок,energy,Энергетический импульс,125,2,33,energy:60% + radiation:40%,6,2,95,S,Силовая броня T-65,4800,0,0,125,39,48,25.3
mirelurk:nukalurk,Ядерник,true,A,66,Таран,impact,Силовая,130,3,2,bludgeoning:100%,9,1,95,D,Кожаная броня,250,109,109,33,1,6,6.3
mirelurk:nukalurk,Ядерник,true,A,66,Таран,impact,Силовая,130,3,2,bludgeoning:100%,9,1,95,C,Боевая броня,650,64,64,99,1,9,9.5
mirelurk:nukalurk,Ядерник,true,A,66,Таран,impact,Силовая,130,3,2,bludgeoning:100%,9,1,95,B,"Боевая броня, усиленная",1011,22,22,162,1,11,11.6
mirelurk:nukalurk,Ядерник,true,A,66,Таран,impact,Силовая,130,3,2,bludgeoning:100%,9,1,95,A,Силовая броня T-60,3400,0,0,196,18,23,24.2
mirelurk:nukalurk,Ядерник,true,A,66,Таран,impact,Силовая,130,3,2,bludgeoning:100%,9,1,95,S,Силовая броня T-65,4800,0,0,196,25,30,31.6
lakelurk:ordinary,Озёрник-крикун,true,B,44,Когти,rend,Рубящая,80,1,8,slashing:100%,5,2,95,D,Кожаная броня,250,77,77,3,1,9,4.7
lakelurk:ordinary,Озёрник-крикун,true,B,44,Когти,rend,Рубящая,80,1,8,slashing:100%,5,2,95,C,Боевая броня,650,61,61,19,1,11,5.8
lakelurk:ordinary,Озёрник-крикун,true,B,44,Когти,rend,Рубящая,80,1,8,slashing:100%,5,2,95,B,"Боевая броня, усиленная",1011,45,45,35,1,15,7.9
lakelurk:ordinary,Озёрник-крикун,true,B,44,Когти,rend,Рубящая,80,1,8,slashing:100%,5,2,95,A,Силовая броня T-60,3400,0,0,80,44,52,27.4
lakelurk:ordinary,Озёрник-крикун,true,B,44,Когти,rend,Рубящая,80,1,8,slashing:100%,5,2,95,S,Силовая броня T-65,4800,0,0,80,61,69,36.3
lakelurk:ordinary,Озёрник-крикун,true,B,44,Волна,energy,Энергетический импульс,65,1,15,energy:100%,9,1,95,D,Кожаная броня,250,65,65,0,1,11,11.6
lakelurk:ordinary,Озёрник-крикун,true,B,44,Волна,energy,Энергетический импульс,65,1,15,energy:100%,9,1,95,C,Боевая броня,650,57,57,8,1,12,12.6
lakelurk:ordinary,Озёрник-крикун,true,B,44,Волна,energy,Энергетический импульс,65,1,15,energy:100%,9,1,95,B,"Боевая броня, усиленная",1011,44,44,21,1,15,15.8
lakelurk:ordinary,Озёрник-крикун,true,B,44,Волна,energy,Энергетический импульс,65,1,15,energy:100%,9,1,95,A,Силовая броня T-60,3400,0,0,65,54,64,67.4
lakelurk:ordinary,Озёрник-крикун,true,B,44,Волна,energy,Энергетический импульс,65,1,15,energy:100%,9,1,95,S,Силовая броня T-65,4800,0,0,65,75,85,89.5
water-creature:ordinary,Водяной,true,B,46,Когти,rend,Рубящая,90,1,10,slashing:100%,5,2,95,D,Кожаная броня,250,89,89,1,1,8,4.2
water-creature:ordinary,Водяной,true,B,46,Когти,rend,Рубящая,90,1,10,slashing:100%,5,2,95,C,Боевая броня,650,73,73,17,1,10,5.3
water-creature:ordinary,Водяной,true,B,46,Когти,rend,Рубящая,90,1,10,slashing:100%,5,2,95,B,"Боевая броня, усиленная",1011,57,57,33,1,12,6.3
water-creature:ordinary,Водяной,true,B,46,Когти,rend,Рубящая,90,1,10,slashing:100%,5,2,95,A,Силовая броня T-60,3400,0,0,90,39,46,24.2
water-creature:ordinary,Водяной,true,B,46,Когти,rend,Рубящая,90,1,10,slashing:100%,5,2,95,S,Силовая броня T-65,4800,0,0,90,55,62,32.6
water-creature:ordinary,Водяной,true,B,46,Укус,puncture,Пробивная,65,1,38,piercing:100%,5,2,95,D,Кожаная броня,250,65,65,0,1,11,5.8
water-creature:ordinary,Водяной,true,B,46,Укус,puncture,Пробивная,65,1,38,piercing:100%,5,2,95,C,Боевая броня,650,65,65,0,1,11,5.8
water-creature:ordinary,Водяной,true,B,46,Укус,puncture,Пробивная,65,1,38,piercing:100%,5,2,95,B,"Боевая броня, усиленная",1011,46,46,19,1,15,7.9
water-creature:ordinary,Водяной,true,B,46,Укус,puncture,Пробивная,65,1,38,piercing:100%,5,2,95,A,Силовая броня T-60,3400,0,0,65,54,64,33.7
water-creature:ordinary,Водяной,true,B,46,Укус,puncture,Пробивная,65,1,38,piercing:100%,5,2,95,S,Силовая броня T-65,4800,0,0,65,75,85,44.7
water-creature:brute,Водяной-громила,true,A,64,Удар,impact,Силовая,145,3,4,bludgeoning:100%,9,1,95,D,Кожаная броня,250,130,130,24,1,6,6.3
water-creature:brute,Водяной-громила,true,A,64,Удар,impact,Силовая,145,3,4,bludgeoning:100%,9,1,95,C,Боевая броня,650,85,85,90,1,7,7.4
water-creature:brute,Водяной-громила,true,A,64,Удар,impact,Силовая,145,3,4,bludgeoning:100%,9,1,95,B,"Боевая броня, усиленная",1011,43,43,153,1,10,10.5
water-creature:brute,Водяной-громила,true,A,64,Удар,impact,Силовая,145,3,4,bludgeoning:100%,9,1,95,A,Силовая броня T-60,3400,0,0,218,16,21,22.1
water-creature:brute,Водяной-громила,true,A,64,Удар,impact,Силовая,145,3,4,bludgeoning:100%,9,1,95,S,Силовая броня T-65,4800,0,0,218,23,27,28.4
water-creature:brute,Водяной-громила,true,A,64,Укус,puncture,Пробивная,105,2,65,piercing:100%,6,2,95,D,Кожаная броня,250,105,105,0,1,7,3.7
water-creature:brute,Водяной-громила,true,A,64,Укус,puncture,Пробивная,105,2,65,piercing:100%,6,2,95,C,Боевая броня,650,105,105,0,1,7,3.7
water-creature:brute,Водяной-громила,true,A,64,Укус,puncture,Пробивная,105,2,65,piercing:100%,6,2,95,B,"Боевая броня, усиленная",1011,105,105,0,1,7,3.7
water-creature:brute,Водяной-громила,true,A,64,Укус,puncture,Пробивная,105,2,65,piercing:100%,6,2,95,A,Силовая броня T-60,3400,0,0,105,33,39,20.5
water-creature:brute,Водяной-громила,true,A,64,Укус,puncture,Пробивная,105,2,65,piercing:100%,6,2,95,S,Силовая броня T-65,4800,0,0,105,47,53,27.9
spore-plant:ordinary,Споровый игломёт,true,D,8,Рога,puncture,Пробивная,13,1,5,piercing:100%,3,2,89,D,Кожаная броня,250,10,10,3,1,62,34.8
spore-plant:ordinary,Споровый игломёт,true,D,8,Рога,puncture,Пробивная,13,1,5,piercing:100%,3,2,89,C,Боевая броня,650,0,0,13,51,102,57.3
spore-plant:ordinary,Споровый игломёт,true,D,8,Рога,puncture,Пробивная,13,1,5,piercing:100%,3,2,89,B,"Боевая броня, усиленная",1011,0,0,13,79,130,73
spore-plant:ordinary,Споровый игломёт,true,D,8,Рога,puncture,Пробивная,13,1,5,piercing:100%,3,2,89,A,Силовая броня T-60,3400,0,0,13,263,314,176.4
spore-plant:ordinary,Споровый игломёт,true,D,8,Рога,puncture,Пробивная,13,1,5,piercing:100%,3,2,89,S,Силовая броня T-65,4800,0,0,13,371,422,237.1
spore-plant:ordinary,Споровый игломёт,true,D,8,Шип,puncture,Пробивная,14,1,5,piercing:100%,3,2,89,D,Кожаная броня,250,11,11,3,1,57,32
spore-plant:ordinary,Споровый игломёт,true,D,8,Шип,puncture,Пробивная,14,1,5,piercing:100%,3,2,89,C,Боевая броня,650,0,0,14,48,96,53.9
spore-plant:ordinary,Споровый игломёт,true,D,8,Шип,puncture,Пробивная,14,1,5,piercing:100%,3,2,89,B,"Боевая броня, усиленная",1011,0,0,14,74,122,68.5
spore-plant:ordinary,Споровый игломёт,true,D,8,Шип,puncture,Пробивная,14,1,5,piercing:100%,3,2,89,A,Силовая броня T-60,3400,0,0,14,244,292,164
spore-plant:ordinary,Споровый игломёт,true,D,8,Шип,puncture,Пробивная,14,1,5,piercing:100%,3,2,89,S,Силовая броня T-65,4800,0,0,14,344,392,220.2
spore-plant:acid-spitter,Кислотное споровое растение,true,C,18,Побеги,lash,Хлёсткая,20,1,1,bludgeoning:100%,2,3,95,D,Кожаная броня,250,12,12,12,1,43,15.1
spore-plant:acid-spitter,Кислотное споровое растение,true,C,18,Побеги,lash,Хлёсткая,20,1,1,bludgeoning:100%,2,3,95,C,Боевая броня,650,0,0,30,10,56,19.6
spore-plant:acid-spitter,Кислотное споровое растение,true,C,18,Побеги,lash,Хлёсткая,20,1,1,bludgeoning:100%,2,3,95,B,"Боевая броня, усиленная",1011,0,0,30,35,68,23.9
spore-plant:acid-spitter,Кислотное споровое растение,true,C,18,Побеги,lash,Хлёсткая,20,1,1,bludgeoning:100%,2,3,95,A,Силовая броня T-60,3400,0,0,30,115,148,51.9
spore-plant:acid-spitter,Кислотное споровое растение,true,C,18,Побеги,lash,Хлёсткая,20,1,1,bludgeoning:100%,2,3,95,S,Силовая броня T-65,4800,0,0,30,161,194,68.1
spore-plant:acid-spitter,Кислотное споровое растение,true,C,18,Плевок,corrosion,Коррозия брони,20,1,3,acid:70% + poison:30%,2,3,95,D,Кожаная броня,250,16,10,12,1,38,13.3
spore-plant:acid-spitter,Кислотное споровое растение,true,C,18,Плевок,corrosion,Коррозия брони,20,1,3,acid:70% + poison:30%,2,3,95,C,Боевая броня,650,6,0,42,1,45,15.8
spore-plant:acid-spitter,Кислотное споровое растение,true,C,18,Плевок,corrosion,Коррозия брони,20,1,3,acid:70% + poison:30%,2,3,95,B,"Боевая броня, усиленная",1011,6,0,42,1,52,18.2
spore-plant:acid-spitter,Кислотное споровое растение,true,C,18,Плевок,corrosion,Коррозия брони,20,1,3,acid:70% + poison:30%,2,3,95,A,Силовая броня T-60,3400,0,0,48,71,105,36.8
spore-plant:acid-spitter,Кислотное споровое растение,true,C,18,Плевок,corrosion,Коррозия брони,20,1,3,acid:70% + poison:30%,2,3,95,S,Силовая броня T-65,4800,0,0,48,101,134,47
strangler-heart:colony-heart,Сердце колонии душителя,true,A,60,Щупальца,impact,Силовая,130,3,4,bludgeoning:100%,4,2,95,D,Кожаная броня,250,115,115,24,1,6,3.2
strangler-heart:colony-heart,Сердце колонии душителя,true,A,60,Щупальца,impact,Силовая,130,3,4,bludgeoning:100%,4,2,95,C,Боевая броня,650,70,70,90,1,8,4.2
strangler-heart:colony-heart,Сердце колонии душителя,true,A,60,Щупальца,impact,Силовая,130,3,4,bludgeoning:100%,4,2,95,B,"Боевая броня, усиленная",1011,28,28,153,1,11,5.8
strangler-heart:colony-heart,Сердце колонии душителя,true,A,60,Щупальца,impact,Силовая,130,3,4,bludgeoning:100%,4,2,95,A,Силовая броня T-60,3400,0,0,196,18,23,12.1
strangler-heart:colony-heart,Сердце колонии душителя,true,A,60,Щупальца,impact,Силовая,130,3,4,bludgeoning:100%,4,2,95,S,Силовая броня T-65,4800,0,0,196,25,30,15.8
strangler-heart:colony-heart,Сердце колонии душителя,true,A,60,Облако,cloud,Площадное заражение,70,1,4,radiation:70% + poison:30%,6,1,95,D,Кожаная броня,250,21,0,0,1,33,34.7
strangler-heart:colony-heart,Сердце колонии душителя,true,A,60,Облако,cloud,Площадное заражение,70,1,4,radiation:70% + poison:30%,6,1,95,C,Боевая броня,650,21,0,0,1,33,34.7
strangler-heart:colony-heart,Сердце колонии душителя,true,A,60,Облако,cloud,Площадное заражение,70,1,4,radiation:70% + poison:30%,6,1,95,B,"Боевая броня, усиленная",1011,21,0,0,1,33,34.7
strangler-heart:colony-heart,Сердце колонии душителя,true,A,60,Облако,cloud,Площадное заражение,70,1,4,radiation:70% + poison:30%,6,1,95,A,Силовая броня T-60,3400,0,0,70,49,81,85.3
strangler-heart:colony-heart,Сердце колонии душителя,true,A,60,Облако,cloud,Площадное заражение,70,1,4,radiation:70% + poison:30%,6,1,95,S,Силовая броня T-65,4800,0,0,70,69,101,106.3
overgrown:thorn,Заросший-шип,true,C,24,Когти,rend,Рубящая,40,1,3,slashing:100%,4,2,95,D,Кожаная броня,250,32,32,8,1,21,11.1
overgrown:thorn,Заросший-шип,true,C,24,Когти,rend,Рубящая,40,1,3,slashing:100%,4,2,95,C,Боевая броня,650,16,16,24,1,32,16.8
overgrown:thorn,Заросший-шип,true,C,24,Когти,rend,Рубящая,40,1,3,slashing:100%,4,2,95,B,"Боевая броня, усиленная",1011,0,0,40,7,43,22.6
overgrown:thorn,Заросший-шип,true,C,24,Когти,rend,Рубящая,40,1,3,slashing:100%,4,2,95,A,Силовая броня T-60,3400,0,0,40,86,102,53.7
overgrown:thorn,Заросший-шип,true,C,24,Когти,rend,Рубящая,40,1,3,slashing:100%,4,2,95,S,Силовая броня T-65,4800,0,0,40,121,137,72.1
overgrown:thorn,Заросший-шип,true,C,24,Залп,flurry,Серия шипов,16,1,9,piercing:100%,7,1,95,D,Кожаная броня,250,48,48,0,1,15,15.8
overgrown:thorn,Заросший-шип,true,C,24,Залп,flurry,Серия шипов,16,1,9,piercing:100%,7,1,95,C,Боевая броня,650,0,0,48,12,28,29.5
overgrown:thorn,Заросший-шип,true,C,24,Залп,flurry,Серия шипов,16,1,9,piercing:100%,7,1,95,B,"Боевая броня, усиленная",1011,0,0,48,22,36,37.9
overgrown:thorn,Заросший-шип,true,C,24,Залп,flurry,Серия шипов,16,1,9,piercing:100%,7,1,95,A,Силовая броня T-60,3400,0,0,48,72,86,90.5
overgrown:thorn,Заросший-шип,true,C,24,Залп,flurry,Серия шипов,16,1,9,piercing:100%,7,1,95,S,Силовая броня T-65,4800,0,0,48,101,115,121.1
overgrown:elder,Старейшина заросших,true,B,44,Удар,impact,Силовая,80,1,2,bludgeoning:100%,9,1,95,D,Кожаная броня,250,73,73,11,1,10,10.5
overgrown:elder,Старейшина заросших,true,B,44,Удар,impact,Силовая,80,1,2,bludgeoning:100%,9,1,95,C,Боевая броня,650,58,58,33,1,12,12.6
overgrown:elder,Старейшина заросших,true,B,44,Удар,impact,Силовая,80,1,2,bludgeoning:100%,9,1,95,B,"Боевая броня, усиленная",1011,44,44,54,1,14,14.7
overgrown:elder,Старейшина заросших,true,B,44,Удар,impact,Силовая,80,1,2,bludgeoning:100%,9,1,95,A,Силовая броня T-60,3400,0,0,120,30,38,40
overgrown:elder,Старейшина заросших,true,B,44,Удар,impact,Силовая,80,1,2,bludgeoning:100%,9,1,95,S,Силовая броня T-65,4800,0,0,120,41,49,51.6
overgrown:elder,Старейшина заросших,true,B,44,Облако,cloud,Площадное заражение,45,1,2,poison:70% + radiation:30%,9,1,95,D,Кожаная броня,250,32,0,0,1,22,23.2
overgrown:elder,Старейшина заросших,true,B,44,Облако,cloud,Площадное заражение,45,1,2,poison:70% + radiation:30%,9,1,95,C,Боевая броня,650,32,0,0,1,22,23.2
overgrown:elder,Старейшина заросших,true,B,44,Облако,cloud,Площадное заражение,45,1,2,poison:70% + radiation:30%,9,1,95,B,"Боевая броня, усиленная",1011,32,0,0,1,22,23.2
overgrown:elder,Старейшина заросших,true,B,44,Облако,cloud,Площадное заражение,45,1,2,poison:70% + radiation:30%,9,1,95,A,Силовая броня T-60,3400,0,0,45,77,98,103.2
overgrown:elder,Старейшина заросших,true,B,44,Облако,cloud,Площадное заражение,45,1,2,poison:70% + radiation:30%,9,1,95,S,Силовая броня T-65,4800,0,0,45,108,129,135.8
overgrown-pollinator:support,Опылитель заросших,true,C,18,Щупальца,lash,Хлёсткая,19,1,1,bludgeoning:100%,4,2,95,D,Кожаная броня,250,11,11,12,1,45,23.7
overgrown-pollinator:support,Опылитель заросших,true,C,18,Щупальца,lash,Хлёсткая,19,1,1,bludgeoning:100%,4,2,95,C,Боевая броня,650,0,0,29,10,59,31.1
overgrown-pollinator:support,Опылитель заросших,true,C,18,Щупальца,lash,Хлёсткая,19,1,1,bludgeoning:100%,4,2,95,B,"Боевая броня, усиленная",1011,0,0,29,36,71,37.4
overgrown-pollinator:support,Опылитель заросших,true,C,18,Щупальца,lash,Хлёсткая,19,1,1,bludgeoning:100%,4,2,95,A,Силовая броня T-60,3400,0,0,29,119,154,81.1
overgrown-pollinator:support,Опылитель заросших,true,C,18,Щупальца,lash,Хлёсткая,19,1,1,bludgeoning:100%,4,2,95,S,Силовая броня T-65,4800,0,0,29,167,202,106.3
overgrown-pollinator:support,Опылитель заросших,true,C,18,Облако,cloud,Площадное заражение,15,1,0,poison:80% + radiation:20%,7,1,95,D,Кожаная броня,250,12,0,0,1,57,60
overgrown-pollinator:support,Опылитель заросших,true,C,18,Облако,cloud,Площадное заражение,15,1,0,poison:80% + radiation:20%,7,1,95,C,Боевая броня,650,12,0,0,1,57,60
overgrown-pollinator:support,Опылитель заросших,true,C,18,Облако,cloud,Площадное заражение,15,1,0,poison:80% + radiation:20%,7,1,95,B,"Боевая броня, усиленная",1011,12,0,0,1,57,60
overgrown-pollinator:support,Опылитель заросших,true,C,18,Облако,cloud,Площадное заражение,15,1,0,poison:80% + radiation:20%,7,1,95,A,Силовая броня T-60,3400,0,0,15,228,284,298.9
overgrown-pollinator:support,Опылитель заросших,true,C,18,Облако,cloud,Площадное заражение,15,1,0,poison:80% + radiation:20%,7,1,95,S,Силовая броня T-65,4800,0,0,15,321,377,396.8
abomination:ordinary,Абоминация,false,B,40,Удар,balanced,Сбалансированная,70,1,12,bludgeoning:100%,5,2,95,D,Кожаная броня,250,70,70,0,1,10,5.3
abomination:ordinary,Абоминация,false,B,40,Удар,balanced,Сбалансированная,70,1,12,bludgeoning:100%,5,2,95,C,Боевая броня,650,58,58,18,1,12,6.3
abomination:ordinary,Абоминация,false,B,40,Удар,balanced,Сбалансированная,70,1,12,bludgeoning:100%,5,2,95,B,"Боевая броня, усиленная",1011,44,44,39,1,15,7.9
abomination:ordinary,Абоминация,false,B,40,Удар,balanced,Сбалансированная,70,1,12,bludgeoning:100%,5,2,95,A,Силовая броня T-60,3400,0,0,105,34,43,22.6
abomination:ordinary,Абоминация,false,B,40,Удар,balanced,Сбалансированная,70,1,12,bludgeoning:100%,5,2,95,S,Силовая броня T-65,4800,0,0,105,47,56,29.5
abomination:ordinary,Абоминация,false,B,40,Щупальца,lash,Хлёсткая,55,1,5,bludgeoning:100%,5,2,95,D,Кожаная броня,250,51,51,6,1,14,7.4
abomination:ordinary,Абоминация,false,B,40,Щупальца,lash,Хлёсткая,55,1,5,bludgeoning:100%,5,2,95,C,Боевая броня,650,36,36,29,1,18,9.5
abomination:ordinary,Абоминация,false,B,40,Щупальца,lash,Хлёсткая,55,1,5,bludgeoning:100%,5,2,95,B,"Боевая броня, усиленная",1011,22,22,50,1,23,12.1
abomination:ordinary,Абоминация,false,B,40,Щупальца,lash,Хлёсткая,55,1,5,bludgeoning:100%,5,2,95,A,Силовая броня T-60,3400,0,0,83,42,54,28.4
abomination:ordinary,Абоминация,false,B,40,Щупальца,lash,Хлёсткая,55,1,5,bludgeoning:100%,5,2,95,S,Силовая броня T-65,4800,0,0,83,59,71,37.4
parasite:ordinary,Паразит,false,D,4,Укус,puncture,Пробивная,9,1,1,piercing:65% + poison:35%,2,4,89,D,Кожаная броня,250,3,0,6,1,103,28.9
parasite:ordinary,Паразит,false,D,4,Укус,puncture,Пробивная,9,1,1,piercing:65% + poison:35%,2,4,89,C,Боевая броня,650,3,0,6,1,148,41.6
parasite:ordinary,Паразит,false,D,4,Укус,puncture,Пробивная,9,1,1,piercing:65% + poison:35%,2,4,89,B,"Боевая броня, усиленная",1011,3,0,6,1,188,52.8
parasite:ordinary,Паразит,false,D,4,Укус,puncture,Пробивная,9,1,1,piercing:65% + poison:35%,2,4,89,A,Силовая броня T-60,3400,0,0,9,379,453,127.2
parasite:ordinary,Паразит,false,D,4,Укус,puncture,Пробивная,9,1,1,piercing:65% + poison:35%,2,4,89,S,Силовая броня T-65,4800,0,0,9,534,609,171.1
parasite:ordinary,Паразит,false,D,4,Хватка,shear,Захват и разрыв,7,1,0,slashing:100%,4,2,89,D,Кожаная броня,250,0,0,7,30,133,74.7
parasite:ordinary,Паразит,false,D,4,Хватка,shear,Захват и разрыв,7,1,0,slashing:100%,4,2,89,C,Боевая броня,650,0,0,7,94,190,106.7
parasite:ordinary,Паразит,false,D,4,Хватка,shear,Захват и разрыв,7,1,0,slashing:100%,4,2,89,B,"Боевая броня, усиленная",1011,0,0,7,146,242,136
parasite:ordinary,Паразит,false,D,4,Хватка,shear,Захват и разрыв,7,1,0,slashing:100%,4,2,89,A,Силовая броня T-60,3400,0,0,7,487,583,327.5
parasite:ordinary,Паразит,false,D,4,Хватка,shear,Захват и разрыв,7,1,0,slashing:100%,4,2,89,S,Силовая броня T-65,4800,0,0,7,687,783,439.9
zetan:scout,Дзетан-разведчик,false,B,42,Удар,impact,Силовая,60,1,1,bludgeoning:100%,5,2,95,D,Кожаная броня,250,52,52,12,1,13,6.8
zetan:scout,Дзетан-разведчик,false,B,42,Удар,impact,Силовая,60,1,1,bludgeoning:100%,5,2,95,C,Боевая броня,650,37,37,35,1,17,8.9
zetan:scout,Дзетан-разведчик,false,B,42,Удар,impact,Силовая,60,1,1,bludgeoning:100%,5,2,95,B,"Боевая броня, усиленная",1011,23,23,56,1,22,11.6
zetan:scout,Дзетан-разведчик,false,B,42,Удар,impact,Силовая,60,1,1,bludgeoning:100%,5,2,95,A,Силовая броня T-60,3400,0,0,90,39,50,26.3
zetan:scout,Дзетан-разведчик,false,B,42,Удар,impact,Силовая,60,1,1,bludgeoning:100%,5,2,95,S,Силовая броня T-65,4800,0,0,90,55,66,34.7
zetan:warrior,Дзетан-штурмовик,false,A,64,Удар,impact,Силовая,105,2,3,bludgeoning:100%,7,1,95,D,Кожаная броня,250,93,93,18,1,8,8.4
zetan:warrior,Дзетан-штурмовик,false,A,64,Удар,impact,Силовая,105,2,3,bludgeoning:100%,7,1,95,C,Боевая броня,650,63,63,64,1,10,10.5
zetan:warrior,Дзетан-штурмовик,false,A,64,Удар,impact,Силовая,105,2,3,bludgeoning:100%,7,1,95,B,"Боевая броня, усиленная",1011,35,35,106,1,13,13.7
zetan:warrior,Дзетан-штурмовик,false,A,64,Удар,impact,Силовая,105,2,3,bludgeoning:100%,7,1,95,A,Силовая броня T-60,3400,0,0,158,23,29,30.5
zetan:warrior,Дзетан-штурмовик,false,A,64,Удар,impact,Силовая,105,2,3,bludgeoning:100%,7,1,95,S,Силовая броня T-65,4800,0,0,158,31,37,38.9
super-mutant:ordinary:skirmisher,Супермутант-застрельщик,true,C,22,Кулаки,impact,Силовая,50,1,1,bludgeoning:100%,4,3,95,D,Кожаная броня,250,42,42,12,1,16,5.6
super-mutant:ordinary:skirmisher,Супермутант-застрельщик,true,C,22,Кулаки,impact,Силовая,50,1,1,bludgeoning:100%,4,3,95,C,Боевая броня,650,27,27,35,1,22,7.7
super-mutant:ordinary:skirmisher,Супермутант-застрельщик,true,C,22,Кулаки,impact,Силовая,50,1,1,bludgeoning:100%,4,3,95,B,"Боевая броня, усиленная",1011,13,13,56,1,28,9.8
super-mutant:ordinary:skirmisher,Супермутант-застрельщик,true,C,22,Кулаки,impact,Силовая,50,1,1,bludgeoning:100%,4,3,95,A,Силовая броня T-60,3400,0,0,75,47,60,21.1
super-mutant:ordinary:skirmisher,Супермутант-застрельщик,true,C,22,Кулаки,impact,Силовая,50,1,1,bludgeoning:100%,4,3,95,S,Силовая броня T-65,4800,0,0,75,65,78,27.4
super-mutant:ordinary:fighter,Супермутант-боец,true,B,30,Кулаки,impact,Силовая,50,1,1,bludgeoning:100%,4,3,95,D,Кожаная броня,250,42,42,12,1,16,5.6
super-mutant:ordinary:fighter,Супермутант-боец,true,B,30,Кулаки,impact,Силовая,50,1,1,bludgeoning:100%,4,3,95,C,Боевая броня,650,27,27,35,1,22,7.7
super-mutant:ordinary:fighter,Супермутант-боец,true,B,30,Кулаки,impact,Силовая,50,1,1,bludgeoning:100%,4,3,95,B,"Боевая броня, усиленная",1011,13,13,56,1,28,9.8
super-mutant:ordinary:fighter,Супермутант-боец,true,B,30,Кулаки,impact,Силовая,50,1,1,bludgeoning:100%,4,3,95,A,Силовая броня T-60,3400,0,0,75,47,60,21.1
super-mutant:ordinary:fighter,Супермутант-боец,true,B,30,Кулаки,impact,Силовая,50,1,1,bludgeoning:100%,4,3,95,S,Силовая броня T-65,4800,0,0,75,65,78,27.4
super-mutant:ordinary:brute,Супермутант-громила,true,B,34,Кулаки,impact,Силовая,50,1,1,bludgeoning:100%,4,3,95,D,Кожаная броня,250,42,42,12,1,16,5.6
super-mutant:ordinary:brute,Супермутант-громила,true,B,34,Кулаки,impact,Силовая,50,1,1,bludgeoning:100%,4,3,95,C,Боевая броня,650,27,27,35,1,22,7.7
super-mutant:ordinary:brute,Супермутант-громила,true,B,34,Кулаки,impact,Силовая,50,1,1,bludgeoning:100%,4,3,95,B,"Боевая броня, усиленная",1011,13,13,56,1,28,9.8
super-mutant:ordinary:brute,Супермутант-громила,true,B,34,Кулаки,impact,Силовая,50,1,1,bludgeoning:100%,4,3,95,A,Силовая броня T-60,3400,0,0,75,47,60,21.1
super-mutant:ordinary:brute,Супермутант-громила,true,B,34,Кулаки,impact,Силовая,50,1,1,bludgeoning:100%,4,3,95,S,Силовая броня T-65,4800,0,0,75,65,78,27.4
super-mutant:ordinary:enforcer,Супермутант-силовик,true,B,38,Кулаки,impact,Силовая,50,1,1,bludgeoning:100%,4,3,95,D,Кожаная броня,250,42,42,12,1,16,5.6
super-mutant:ordinary:enforcer,Супермутант-силовик,true,B,38,Кулаки,impact,Силовая,50,1,1,bludgeoning:100%,4,3,95,C,Боевая броня,650,27,27,35,1,22,7.7
super-mutant:ordinary:enforcer,Супермутант-силовик,true,B,38,Кулаки,impact,Силовая,50,1,1,bludgeoning:100%,4,3,95,B,"Боевая броня, усиленная",1011,13,13,56,1,28,9.8
super-mutant:ordinary:enforcer,Супермутант-силовик,true,B,38,Кулаки,impact,Силовая,50,1,1,bludgeoning:100%,4,3,95,A,Силовая броня T-60,3400,0,0,75,47,60,21.1
super-mutant:ordinary:enforcer,Супермутант-силовик,true,B,38,Кулаки,impact,Силовая,50,1,1,bludgeoning:100%,4,3,95,S,Силовая броня T-65,4800,0,0,75,65,78,27.4
super-mutant:ordinary:butcher,Супермутант-мясник,true,B,42,Кулаки,impact,Силовая,50,1,1,bludgeoning:100%,4,3,95,D,Кожаная броня,250,42,42,12,1,16,5.6
super-mutant:ordinary:butcher,Супермутант-мясник,true,B,42,Кулаки,impact,Силовая,50,1,1,bludgeoning:100%,4,3,95,C,Боевая броня,650,27,27,35,1,22,7.7
super-mutant:ordinary:butcher,Супермутант-мясник,true,B,42,Кулаки,impact,Силовая,50,1,1,bludgeoning:100%,4,3,95,B,"Боевая броня, усиленная",1011,13,13,56,1,28,9.8
super-mutant:ordinary:butcher,Супермутант-мясник,true,B,42,Кулаки,impact,Силовая,50,1,1,bludgeoning:100%,4,3,95,A,Силовая броня T-60,3400,0,0,75,47,60,21.1
super-mutant:ordinary:butcher,Супермутант-мясник,true,B,42,Кулаки,impact,Силовая,50,1,1,bludgeoning:100%,4,3,95,S,Силовая броня T-65,4800,0,0,75,65,78,27.4
super-mutant:ordinary:master,Супермутант-мастер,true,A,50,Кулаки,impact,Силовая,50,1,1,bludgeoning:100%,4,3,95,D,Кожаная броня,250,42,42,12,1,16,5.6
super-mutant:ordinary:master,Супермутант-мастер,true,A,50,Кулаки,impact,Силовая,50,1,1,bludgeoning:100%,4,3,95,C,Боевая броня,650,27,27,35,1,22,7.7
super-mutant:ordinary:master,Супермутант-мастер,true,A,50,Кулаки,impact,Силовая,50,1,1,bludgeoning:100%,4,3,95,B,"Боевая броня, усиленная",1011,13,13,56,1,28,9.8
super-mutant:ordinary:master,Супермутант-мастер,true,A,50,Кулаки,impact,Силовая,50,1,1,bludgeoning:100%,4,3,95,A,Силовая броня T-60,3400,0,0,75,47,60,21.1
super-mutant:ordinary:master,Супермутант-мастер,true,A,50,Кулаки,impact,Силовая,50,1,1,bludgeoning:100%,4,3,95,S,Силовая броня T-65,4800,0,0,75,65,78,27.4
super-mutant:ordinary:heavy,Супермутант-тяжёлый стрелок,true,A,56,Кулаки,impact,Силовая,50,1,1,bludgeoning:100%,4,3,95,D,Кожаная броня,250,42,42,12,1,16,5.6
super-mutant:ordinary:heavy,Супермутант-тяжёлый стрелок,true,A,56,Кулаки,impact,Силовая,50,1,1,bludgeoning:100%,4,3,95,C,Боевая броня,650,27,27,35,1,22,7.7
super-mutant:ordinary:heavy,Супермутант-тяжёлый стрелок,true,A,56,Кулаки,impact,Силовая,50,1,1,bludgeoning:100%,4,3,95,B,"Боевая броня, усиленная",1011,13,13,56,1,28,9.8
super-mutant:ordinary:heavy,Супермутант-тяжёлый стрелок,true,A,56,Кулаки,impact,Силовая,50,1,1,bludgeoning:100%,4,3,95,A,Силовая броня T-60,3400,0,0,75,47,60,21.1
super-mutant:ordinary:heavy,Супермутант-тяжёлый стрелок,true,A,56,Кулаки,impact,Силовая,50,1,1,bludgeoning:100%,4,3,95,S,Силовая броня T-65,4800,0,0,75,65,78,27.4
super-mutant:ordinary:firestarter,Супермутант-огнемётчик,true,A,58,Кулаки,impact,Силовая,50,1,1,bludgeoning:100%,4,3,95,D,Кожаная броня,250,42,42,12,1,16,5.6
super-mutant:ordinary:firestarter,Супермутант-огнемётчик,true,A,58,Кулаки,impact,Силовая,50,1,1,bludgeoning:100%,4,3,95,C,Боевая броня,650,27,27,35,1,22,7.7
super-mutant:ordinary:firestarter,Супермутант-огнемётчик,true,A,58,Кулаки,impact,Силовая,50,1,1,bludgeoning:100%,4,3,95,B,"Боевая броня, усиленная",1011,13,13,56,1,28,9.8
super-mutant:ordinary:firestarter,Супермутант-огнемётчик,true,A,58,Кулаки,impact,Силовая,50,1,1,bludgeoning:100%,4,3,95,A,Силовая броня T-60,3400,0,0,75,47,60,21.1
super-mutant:ordinary:firestarter,Супермутант-огнемётчик,true,A,58,Кулаки,impact,Силовая,50,1,1,bludgeoning:100%,4,3,95,S,Силовая броня T-65,4800,0,0,75,65,78,27.4
super-mutant:ordinary:overlord,Супермутант-владыка,true,A,62,Кулаки,impact,Силовая,50,1,1,bludgeoning:100%,4,3,95,D,Кожаная броня,250,42,42,12,1,16,5.6
super-mutant:ordinary:overlord,Супермутант-владыка,true,A,62,Кулаки,impact,Силовая,50,1,1,bludgeoning:100%,4,3,95,C,Боевая броня,650,27,27,35,1,22,7.7
super-mutant:ordinary:overlord,Супермутант-владыка,true,A,62,Кулаки,impact,Силовая,50,1,1,bludgeoning:100%,4,3,95,B,"Боевая броня, усиленная",1011,13,13,56,1,28,9.8
super-mutant:ordinary:overlord,Супермутант-владыка,true,A,62,Кулаки,impact,Силовая,50,1,1,bludgeoning:100%,4,3,95,A,Силовая броня T-60,3400,0,0,75,47,60,21.1
super-mutant:ordinary:overlord,Супермутант-владыка,true,A,62,Кулаки,impact,Силовая,50,1,1,bludgeoning:100%,4,3,95,S,Силовая броня T-65,4800,0,0,75,65,78,27.4
super-mutant:ordinary:primus,Супермутант-примус,true,A,70,Кулаки,impact,Силовая,50,1,1,bludgeoning:100%,4,3,95,D,Кожаная броня,250,42,42,12,1,16,5.6
super-mutant:ordinary:primus,Супермутант-примус,true,A,70,Кулаки,impact,Силовая,50,1,1,bludgeoning:100%,4,3,95,C,Боевая броня,650,27,27,35,1,22,7.7
super-mutant:ordinary:primus,Супермутант-примус,true,A,70,Кулаки,impact,Силовая,50,1,1,bludgeoning:100%,4,3,95,B,"Боевая броня, усиленная",1011,13,13,56,1,28,9.8
super-mutant:ordinary:primus,Супермутант-примус,true,A,70,Кулаки,impact,Силовая,50,1,1,bludgeoning:100%,4,3,95,A,Силовая броня T-60,3400,0,0,75,47,60,21.1
super-mutant:ordinary:primus,Супермутант-примус,true,A,70,Кулаки,impact,Силовая,50,1,1,bludgeoning:100%,4,3,95,S,Силовая броня T-65,4800,0,0,75,65,78,27.4
super-mutant:ordinary:warlord,Супермутант-военачальник,true,S,82,Кулаки,impact,Силовая,50,1,1,bludgeoning:100%,4,4,95,D,Кожаная броня,250,42,42,12,1,16,4.2
super-mutant:ordinary:warlord,Супермутант-военачальник,true,S,82,Кулаки,impact,Силовая,50,1,1,bludgeoning:100%,4,4,95,C,Боевая броня,650,27,27,35,1,22,5.8
super-mutant:ordinary:warlord,Супермутант-военачальник,true,S,82,Кулаки,impact,Силовая,50,1,1,bludgeoning:100%,4,4,95,B,"Боевая броня, усиленная",1011,13,13,56,1,28,7.4
super-mutant:ordinary:warlord,Супермутант-военачальник,true,S,82,Кулаки,impact,Силовая,50,1,1,bludgeoning:100%,4,4,95,A,Силовая броня T-60,3400,0,0,75,47,60,15.8
super-mutant:ordinary:warlord,Супермутант-военачальник,true,S,82,Кулаки,impact,Силовая,50,1,1,bludgeoning:100%,4,4,95,S,Силовая броня T-65,4800,0,0,75,65,78,20.5
super-mutant:nightkin:master,Ночной охотник-мастер,true,A,60,Кулаки,impact,Силовая,80,1,2,bludgeoning:100%,5,3,95,D,Кожаная броня,250,73,73,11,1,10,3.5
super-mutant:nightkin:master,Ночной охотник-мастер,true,A,60,Кулаки,impact,Силовая,80,1,2,bludgeoning:100%,5,3,95,C,Боевая броня,650,58,58,33,1,12,4.2
super-mutant:nightkin:master,Ночной охотник-мастер,true,A,60,Кулаки,impact,Силовая,80,1,2,bludgeoning:100%,5,3,95,B,"Боевая броня, усиленная",1011,44,44,54,1,14,4.9
super-mutant:nightkin:master,Ночной охотник-мастер,true,A,60,Кулаки,impact,Силовая,80,1,2,bludgeoning:100%,5,3,95,A,Силовая броня T-60,3400,0,0,120,30,38,13.3
super-mutant:nightkin:master,Ночной охотник-мастер,true,A,60,Кулаки,impact,Силовая,80,1,2,bludgeoning:100%,5,3,95,S,Силовая броня T-65,4800,0,0,120,41,49,17.2